country,dystopia_residual,family,freedom,gdp_per_capita,generosity,government_corruption,life_expectancy,lower_confidence_interval,rank,region,score,social_support,standard_error,upper_confidence_interval,whiskerhigh,whiskerlow
Switzerland,2.51738,1.34951,0.66557,1.39651,0.29678,0.41978,0.94143,,1,Western Europe,7.587,,0.03411,,,
Iceland,2.70201,1.40223,0.62877,1.30232,0.4363,0.14145,0.94784,,2,Western Europe,7.561,,0.04884,,,
Denmark,2.49204,1.36058,0.64938,1.32548,0.34139,0.48357,0.87464,,3,Western Europe,7.527,,0.03328,,,
Norway,2.46531,1.33095,0.66973,1.459,0.34699,0.36503,0.88521,,4,Western Europe,7.522,,0.0388,,,
Canada,2.45176,1.32261,0.63297,1.32629,0.45811,0.32957,0.90563,,5,North America,7.427,,0.03553,,,
Finland,2.61955,1.31826,0.64169,1.29025,0.23351,0.41372,0.88911,,6,Western Europe,7.406,,0.0314,,,
Netherlands,2.4657,1.28017,0.61576,1.32944,0.4761,0.31814,0.89284,,7,Western Europe,7.378,,0.02799,,,
Sweden,2.37119,1.28907,0.6598,1.33171,0.36262,0.43844,0.91087,,8,Western Europe,7.364,,0.03157,,,
New Zealand,2.26425,1.31967,0.63938,1.25018,0.47501,0.42922,0.90837,,9,Australia and New Zealand,7.286,,0.03371,,,
Australia,2.26646,1.30923,0.65124,1.33358,0.43562,0.35637,0.93156,,10,Australia and New Zealand,7.284,,0.04083,,,
Israel,3.08854,1.22393,0.41319,1.22857,0.33172,0.07785,0.91387,,11,Middle East and Northern Africa,7.278,,0.0347,,,
Costa Rica,3.17728,1.23788,0.63376,0.95578,0.25497,0.10583,0.86027,,12,Latin America and Caribbean,7.226,,0.04454,,,
Austria,2.5332,1.29704,0.62433,1.33723,0.33088,0.18676,0.89042,,13,Western Europe,7.2,,0.03751,,,
Mexico,3.60214,0.91451,0.48181,1.02054,0.14074,0.21312,0.81444,,14,Latin America and Caribbean,7.187,,0.04176,,,
United States,2.51011,1.24711,0.54604,1.39451,0.40105,0.1589,0.86179,,15,North America,7.119,,0.03839,,,
Brazil,3.26001,1.23287,0.49049,0.98124,0.14574,0.17521,0.69702,,16,Latin America and Caribbean,6.983,,0.04076,,,
Luxembourg,1.96961,1.21963,0.61583,1.56391,0.28034,0.37798,0.91894,,17,Western Europe,6.946,,0.03499,,,
Ireland,1.9757,1.36948,0.61777,1.33596,0.45901,0.28703,0.89533,,18,Western Europe,6.94,,0.03676,,,
Belgium,2.41484,1.28566,0.5845,1.30782,0.2225,0.2254,0.89667,,19,Western Europe,6.937,,0.03595,,,
United Arab Emirates,2.24743,1.12575,0.64157,1.42727,0.26428,0.38583,0.80925,,20,Middle East and Northern Africa,6.901,,0.03729,,,
United Kingdom,1.96994,1.28548,0.59625,1.26637,0.51912,0.32067,0.90943,,21,Western Europe,6.867,,0.01866,,,
Oman,2.47489,1.08182,0.63274,1.36011,0.21542,0.32524,0.76276,,22,Middle East and Northern Africa,6.853,,0.05335,,,
Venezuela,3.19131,1.25596,0.42908,1.04424,0.05841,0.11069,0.72052,,23,Latin America and Caribbean,6.81,,0.06476,,,
Singapore,1.88501,1.02,0.54252,1.52186,0.31105,0.4921,1.02525,,24,Southeastern Asia,6.798,,0.0378,,,
Panama,2.84848,1.1985,0.5421,1.06353,0.24434,0.0927,0.79661,,25,Latin America and Caribbean,6.786,,0.0491,,,
Germany,2.11569,1.29937,0.61477,1.32792,0.28214,0.21843,0.89186,,26,Western Europe,6.75,,0.01848,,,
Chile,2.67585,1.12447,0.44132,1.10715,0.33363,0.12869,0.85857,,27,Latin America and Caribbean,6.67,,0.058,,,
Qatar,1.55674,1.0786,0.6404,1.69042,0.32573,0.52208,0.79733,,28,Middle East and Northern Africa,6.611,,0.06257,,,
France,2.21126,1.26038,0.55011,1.27778,0.12332,0.20646,0.94579,,29,Western Europe,6.575,,0.03512,,,
Argentina,2.836,1.24823,0.44974,1.05351,0.11451,0.08484,0.78723,,30,Latin America and Caribbean,6.574,,0.04612,,,
Czech Republic,2.67782,1.20643,0.46364,1.17898,0.10686,0.02652,0.84483,,31,Central and Eastern Europe,6.505,,0.04168,,,
Uruguay,2.32142,1.2089,0.60362,1.06166,0.2324,0.24558,0.8116,,32,Latin America and Caribbean,6.485,,0.04539,,,
Colombia,2.85737,1.24018,0.53466,0.91861,0.18401,0.0512,0.69077,,33,Latin America and Caribbean,6.477,,0.05051,,,
Thailand,2.31945,1.26504,0.55664,0.9669,0.5763,0.03187,0.7385,,34,Southeastern Asia,6.455,,0.03557,,,
Saudi Arabia,2.43872,1.08393,0.31048,1.39541,0.13706,0.32524,0.72025,,35,Middle East and Northern Africa,6.411,,0.04633,,,
Spain,2.12367,1.31379,0.45951,1.23011,0.18227,0.06398,0.95562,,36,Western Europe,6.329,,0.03468,,,
Malta,1.6488,1.30203,0.60365,1.2074,0.51752,0.13586,0.88721,,37,Western Europe,6.302,,0.04206,,,
Taiwan,2.32323,1.07617,0.3974,1.29098,0.25376,0.08129,0.8753,,38,Eastern Asia,6.298,,0.03868,,,
Kuwait,1.87634,1.16594,0.55499,1.55422,0.16228,0.25609,0.72492,,39,Middle East and Northern Africa,6.295,,0.04456,,,
Suriname,2.79094,0.972,0.59657,0.99534,0.16991,0.13633,0.6082,,40,Latin America and Caribbean,6.269,,0.09811,,,
Trinidad and Tobago,2.26882,1.18354,0.55884,1.21183,0.31844,0.0114,0.61483,,41,Latin America and Caribbean,6.168,,0.10895,,,
El Salvador,3.035,1.02507,0.4035,0.76454,0.10692,0.11776,0.67737,,42,Latin America and Caribbean,6.13,,0.05618,,,
Guatemala,2.74255,1.04356,0.57733,0.74553,0.27489,0.09472,0.64425,,43,Latin America and Caribbean,6.123,,0.05224,,,
Uzbekistan,2.23741,1.34043,0.65821,0.63244,0.22837,0.30826,0.59772,,44,Central and Eastern Europe,6.003,,0.04361,,,
Slovakia,2.24639,1.26999,0.31751,1.16891,0.16893,0.03431,0.78902,,45,Central and Eastern Europe,5.995,,0.04267,,,
Japan,1.68435,1.25712,0.49615,1.27074,0.10705,0.1806,0.99111,,46,Eastern Asia,5.987,,0.03581,,,
South Korea,2.21978,0.95774,0.33208,1.24461,0.18557,0.07857,0.96538,,47,Eastern Asia,5.984,,0.04098,,,
Ecuador,2.53942,0.99903,0.48574,0.86402,0.11541,0.1809,0.79075,,48,Latin America and Caribbean,5.975,,0.04528,,,
Bahrain,1.73797,1.21624,0.45492,1.32376,0.17362,0.306,0.74716,,49,Middle East and Northern Africa,5.96,,0.05412,,,
Italy,2.02518,1.19777,0.26236,1.25114,0.22823,0.02901,0.95446,,50,Western Europe,5.948,,0.03914,,,
Bolivia,2.82334,0.97841,0.57414,0.68133,0.20536,0.088,0.5392,,51,Latin America and Caribbean,5.89,,0.05642,,,
Moldova,3.10712,1.01528,0.32818,0.59448,0.20951,0.01615,0.61826,,52,Central and Eastern Europe,5.889,,0.03799,,,
Paraguay,2.18896,1.30477,0.53899,0.75985,0.3424,0.08242,0.66098,,53,Latin America and Caribbean,5.878,,0.04563,,,
Kazakhstan,2.24729,1.12241,0.51649,1.12254,0.11827,0.08454,0.64368,,54,Central and Eastern Europe,5.855,,0.04114,,,
Slovenia,1.61583,1.27385,0.60855,1.18498,0.25328,0.03787,0.87337,,55,Central and Eastern Europe,5.848,,0.04251,,,
Lithuania,2.44649,1.25745,0.21342,1.14723,0.02641,0.01031,0.73128,,56,Central and Eastern Europe,5.833,,0.03843,,,
Nicaragua,2.32407,1.14184,0.55475,0.59325,0.27815,0.19317,0.74314,,57,Latin America and Caribbean,5.828,,0.05371,,,
Peru,2.5945,0.97459,0.41496,0.90019,0.14982,0.05989,0.73017,,58,Latin America and Caribbean,5.824,,0.04615,,,
Belarus,2.1309,1.23289,0.37938,1.03192,0.11046,0.1909,0.73608,,59,Central and Eastern Europe,5.813,,0.03938,,,
Poland,1.86565,1.27948,0.53122,1.12555,0.16759,0.04212,0.77903,,60,Central and Eastern Europe,5.791,,0.04263,,,
Malaysia,1.88541,1.07023,0.53024,1.12486,0.33075,0.10501,0.72394,,61,Southeastern Asia,5.77,,0.0433,,,
Croatia,2.75414,0.79624,0.25883,1.08254,0.05444,0.0243,0.78805,,62,Central and Eastern Europe,5.759,,0.04394,,,
Libya,2.09066,1.11862,0.41668,1.13145,0.18295,0.11023,0.7038,,63,Middle East and Northern Africa,5.754,,0.07832,,,
Russia,2.27394,1.23617,0.36679,1.13764,0.00199,0.03005,0.66926,,64,Central and Eastern Europe,5.716,,0.03135,,,
Jamaica,2.32038,1.15102,0.50442,0.81038,0.2123,0.02299,0.68741,,65,Latin America and Caribbean,5.709,,0.13693,,,
North Cyprus,1.59888,1.07008,0.49027,1.20806,0.26169,0.1428,0.92356,,66,Western Europe,5.695,,0.05635,,,
Cyprus,1.88931,0.89318,0.40672,1.20813,0.30638,0.06146,0.92356,,67,Western Europe,5.689,,0.0558,,,
Algeria,2.43209,1.07772,0.28579,0.93929,0.07822,0.17383,0.61766,,68,Middle East and Northern Africa,5.605,,0.05099,,,
Kosovo,2.76579,0.81198,0.24749,0.80148,0.2831,0.04741,0.63132,,69,Central and Eastern Europe,5.589,,0.05018,,,
Turkmenistan,1.86984,1.22668,0.4761,0.95847,0.16979,0.30844,0.53886,,70,Central and Eastern Europe,5.548,,0.04175,,,
Mauritius,1.76145,0.98521,0.56066,1.00761,0.37744,0.07521,0.7095,,71,Sub-Saharan Africa,5.477,,0.07197,,,
Hong Kong,0.65429,1.05818,0.59608,1.38604,0.39478,0.37124,1.01328,,72,Eastern Asia,5.474,,0.05051,,,
Estonia,1.58782,1.22791,0.44888,1.15174,0.0868,0.15184,0.77361,,73,Central and Eastern Europe,5.429,,0.04013,,,
Indonesia,1.86399,1.08708,0.46611,0.82827,0.51535,0.0,0.63793,,74,Southeastern Asia,5.399,,0.02596,,,
Vietnam,2.20173,0.91226,0.59444,0.63216,0.1686,0.10441,0.74676,,75,Southeastern Asia,5.36,,0.03107,,,
Turkey,2.08528,0.94632,0.22815,1.06098,0.12253,0.15746,0.73172,,76,Middle East and Northern Africa,5.332,,0.03864,,,
Kyrgyzstan,2.2327,1.15115,0.43477,0.47428,0.3003,0.04232,0.65088,,77,Central and Eastern Europe,5.286,,0.03823,,,
Nigeria,2.89319,0.90432,0.34334,0.65435,0.27233,0.0403,0.16007,,78,Sub-Saharan Africa,5.268,,0.04192,,,
Bhutan,1.63794,1.10395,0.53206,0.77042,0.47998,0.15445,0.57407,,79,Southern Asia,5.253,,0.03225,,,
Azerbaijan,2.00073,0.93793,0.3703,1.02389,0.07799,0.16065,0.64045,,80,Central and Eastern Europe,5.212,,0.03363,,,
Pakistan,3.10709,0.41411,0.12102,0.59543,0.33671,0.10464,0.51466,,81,Southern Asia,5.194,,0.03726,,,
Jordan,1.87996,1.05392,0.40661,0.90198,0.11053,0.14293,0.69639,,82,Middle East and Northern Africa,5.192,,0.04524,,,
Montenegro,2.10017,0.90557,0.1826,0.97438,0.1614,0.14296,0.72521,,82,Central and Eastern Europe,5.192,,0.05235,,,
China,1.8604,0.94675,0.51697,0.89012,0.08185,0.02781,0.81658,,84,Eastern Asia,5.14,,0.02424,,,
Zambia,2.6343,0.91612,0.48827,0.47038,0.19591,0.12468,0.29924,,85,Sub-Saharan Africa,5.129,,0.06988,,,
Romania,1.93129,0.88588,0.35068,1.04345,0.13748,0.00649,0.7689,,86,Central and Eastern Europe,5.124,,0.06607,,,
Serbia,2.025,1.00964,0.20107,0.92053,0.19231,0.02617,0.74836,,87,Central and Eastern Europe,5.123,,0.04864,,,
Portugal,1.26462,1.13935,0.51469,1.15991,0.13719,0.01078,0.87519,,88,Western Europe,5.102,,0.04802,,,
Latvia,1.62215,1.09562,0.29671,1.11312,0.18226,0.06332,0.72437,,89,Central and Eastern Europe,5.098,,0.0464,,,
Philippines,1.7536,1.03516,0.62545,0.70532,0.24991,0.12279,0.58114,,90,Southeastern Asia,5.073,,0.04934,,,
Somaliland region,2.11032,0.95152,0.46582,0.18847,0.50318,0.39928,0.43873,,91,Sub-Saharan Africa,5.057,,0.06161,,,
Morocco,2.45373,0.64095,0.41691,0.73479,0.07172,0.08546,0.60954,,92,Middle East and Northern Africa,5.013,,0.0342,,,
Macedonia,1.73933,1.00232,0.33457,0.91851,0.22359,0.05327,0.73545,,93,Central and Eastern Europe,5.007,,0.05376,,,
Mozambique,3.05137,1.02626,0.34037,0.08308,0.22269,0.15603,0.09131,,94,Sub-Saharan Africa,4.971,,0.07896,,,
Albania,1.89894,0.80434,0.35733,0.87867,0.14272,0.06413,0.81325,,95,Central and Eastern Europe,4.959,,0.05013,,,
Bosnia and Herzegovina,2.06367,0.91916,0.09245,0.83223,0.24808,0.00227,0.79081,,96,Central and Eastern Europe,4.949,,0.06913,,,
Lesotho,2.79832,1.04103,0.31767,0.37545,0.16388,0.12504,0.07612,,97,Sub-Saharan Africa,4.898,,0.09438,,,
Dominican Republic,1.21305,1.17202,0.57672,0.89537,0.21684,0.14234,0.66825,,98,Latin America and Caribbean,4.885,,0.07446,,,
Laos,1.73799,0.73803,0.59591,0.59066,0.42192,0.24249,0.54909,,99,Southeastern Asia,4.876,,0.06698,,,
Mongolia,1.34759,1.3006,0.43626,0.82819,0.3323,0.02666,0.60268,,100,Eastern Asia,4.874,,0.03313,,,
Swaziland,2.48676,1.07284,0.30658,0.71206,0.18259,0.0306,0.07566,,101,Sub-Saharan Africa,4.867,,0.08742,,,
Greece,1.80101,0.92933,0.07699,1.15406,0.0,0.01397,0.88213,,102,Western Europe,4.857,,0.05062,,,
Lebanon,1.57059,0.80001,0.33916,1.02564,0.21854,0.04582,0.83947,,103,Middle East and Northern Africa,4.839,,0.04337,,,
Hungary,1.24074,1.20215,0.32112,1.12094,0.128,0.02758,0.75905,,104,Central and Eastern Europe,4.8,,0.06107,,,
Honduras,1.84408,0.95348,0.40148,0.59532,0.23027,0.06825,0.6951,,105,Latin America and Caribbean,4.788,,0.05648,,,
Tajikistan,2.11399,0.85563,0.47216,0.39047,0.22974,0.15072,0.57379,,106,Central and Eastern Europe,4.786,,0.03198,,,
Tunisia,2.12466,0.60429,0.26268,0.88113,0.06431,0.06358,0.73793,,107,Middle East and Northern Africa,4.739,,0.03589,,,
Palestinian Territories,2.04384,0.92558,0.24499,0.59867,0.11251,0.12905,0.66015,,108,Middle East and Northern Africa,4.715,,0.04394,,,
Bangladesh,2.51767,0.43106,0.4082,0.39753,0.21222,0.12569,0.60164,,109,Southern Asia,4.694,,0.03077,,,
Iran,1.6944,0.54447,0.30033,1.0088,0.38086,0.05863,0.69805,,110,Middle East and Northern Africa,4.686,,0.04449,,,
Ukraine,1.5714,1.20278,0.25123,0.79907,0.15275,0.02961,0.6739,,111,Central and Eastern Europe,4.681,,0.04412,,,
Iraq,1.95335,0.81889,0.0,0.98549,0.17922,0.13788,0.60237,,112,Middle East and Northern Africa,4.677,,0.05232,,,
South Africa,1.71956,1.18468,0.33207,0.92049,0.11973,0.08884,0.27688,,113,Sub-Saharan Africa,4.642,,0.04585,,,
Ghana,2.30919,0.67954,0.42342,0.54558,0.23087,0.04355,0.40132,,114,Sub-Saharan Africa,4.633,,0.04742,,,
Zimbabwe,2.44191,1.03276,0.25861,0.271,0.18987,0.08079,0.33475,,115,Sub-Saharan Africa,4.61,,0.0429,,,
Liberia,2.77729,0.78968,0.28531,0.0712,0.24362,0.06232,0.34201,,116,Sub-Saharan Africa,4.571,,0.11068,,,
India,2.27513,0.38174,0.39786,0.64499,0.26475,0.08492,0.51529,,117,Southern Asia,4.565,,0.02043,,,
Sudan,2.20857,1.01404,0.10081,0.52107,0.19062,0.1466,0.36878,,118,Sub-Saharan Africa,4.55,,0.0674,,,
Haiti,2.24173,0.74302,0.24425,0.26673,0.46187,0.17175,0.38847,,119,Latin America and Caribbean,4.518,,0.07331,,,
Congo (Kinshasa),2.86712,1.0012,0.22605,0.0,0.24834,0.07625,0.09806,,120,Sub-Saharan Africa,4.517,,0.0368,,,
Nepal,1.95637,0.86449,0.38282,0.35997,0.32296,0.05907,0.56874,,121,Southern Asia,4.514,,0.03607,,,
Ethiopia,2.44876,0.60406,0.4345,0.19073,0.24325,0.15048,0.44055,,122,Sub-Saharan Africa,4.512,,0.0378,,,
Sierra Leone,2.51009,0.95571,0.4084,0.33024,0.21488,0.08786,0.0,,123,Sub-Saharan Africa,4.507,,0.07068,,,
Mauritania,2.11773,0.86908,0.24232,0.45407,0.219,0.17461,0.35874,,124,Sub-Saharan Africa,4.436,,0.03947,,,
Kenya,1.78555,0.99876,0.42215,0.36471,0.37542,0.05839,0.41435,,125,Sub-Saharan Africa,4.419,,0.04734,,,
Djibouti,2.05125,0.59207,0.46074,0.44025,0.18093,0.28105,0.36291,,126,Sub-Saharan Africa,4.369,,0.08096,,,
Armenia,1.75873,0.77711,0.19847,0.76821,0.07855,0.039,0.7299,,127,Central and Eastern Europe,4.35,,0.04763,,,
Botswana,1.46181,1.10464,0.49495,0.99355,0.10461,0.12474,0.04776,,128,Sub-Saharan Africa,4.332,,0.04934,,,
Myanmar,1.41805,0.70905,0.44017,0.27108,0.79588,0.19034,0.48246,,129,Southeastern Asia,4.307,,0.04351,,,
Georgia,1.59541,0.38562,0.40577,0.7419,0.05547,0.38331,0.72926,,130,Central and Eastern Europe,4.297,,0.04221,,,
Malawi,2.80791,0.41134,0.43054,0.01604,0.33128,0.06977,0.22562,,131,Sub-Saharan Africa,4.292,,0.0613,,,
Sri Lanka,0.67108,1.01905,0.53726,0.83524,0.40828,0.09179,0.70806,,132,Southern Asia,4.271,,0.03751,,,
Cameroon,1.95071,0.88767,0.49309,0.4225,0.20618,0.05786,0.23402,,133,Sub-Saharan Africa,4.252,,0.04678,,,
Bulgaria,0.89991,1.10614,0.30587,1.01216,0.11921,0.00872,0.76649,,134,Central and Eastern Europe,4.218,,0.04828,,,
Egypt,1.59927,0.747,0.17288,0.8818,0.11291,0.06324,0.61712,,135,Middle East and Northern Africa,4.194,,0.0326,,,
Yemen,1.92313,0.68093,0.35571,0.54649,0.09131,0.07854,0.40064,,136,Middle East and Northern Africa,4.077,,0.04367,,,
Angola,1.94939,0.8604,0.10384,0.75778,0.12344,0.07122,0.16683,,137,Sub-Saharan Africa,4.033,,0.04758,,,
Mali,1.79293,1.03526,0.38857,0.26074,0.18798,0.12352,0.20583,,138,Sub-Saharan Africa,3.995,,0.05602,,,
Congo (Brazzaville),1.68135,0.6629,0.41466,0.67866,0.12388,0.11686,0.31051,,139,Sub-Saharan Africa,3.989,,0.06682,,,
Comoros,1.95812,0.79273,0.22917,0.23906,0.17441,0.199,0.36315,,140,Sub-Saharan Africa,3.956,,0.04797,,,
Uganda,1.42766,1.13299,0.45727,0.21102,0.29066,0.07267,0.33861,,141,Sub-Saharan Africa,3.931,,0.04317,,,
Senegal,1.44395,0.97619,0.36772,0.36498,0.20843,0.10713,0.4354,,142,Sub-Saharan Africa,3.904,,0.03608,,,
Gabon,0.99895,0.90528,0.31914,1.06024,0.06822,0.11091,0.43372,,143,Sub-Saharan Africa,3.896,,0.04547,,,
Niger,1.87877,0.77265,0.47692,0.0694,0.19387,0.15639,0.29707,,144,Sub-Saharan Africa,3.845,,0.03602,,,
Cambodia,0.98195,0.62736,0.66246,0.46038,0.40359,0.07247,0.61114,,145,Southeastern Asia,3.819,,0.05069,,,
Tanzania,1.38079,1.00268,0.32878,0.2852,0.34377,0.05747,0.38215,,146,Sub-Saharan Africa,3.781,,0.05061,,,
Madagascar,1.851,0.66801,0.19184,0.20824,0.21333,0.08124,0.46721,,147,Sub-Saharan Africa,3.681,,0.03633,,,
Central African Republic,2.7223,0.0,0.48879,0.0785,0.23835,0.08289,0.06699,,148,Sub-Saharan Africa,3.678,,0.06112,,,
Chad,1.94296,0.76062,0.23501,0.34193,0.18386,0.05269,0.1501,,149,Sub-Saharan Africa,3.667,,0.0383,,,
Guinea,1.99172,0.46475,0.37725,0.17417,0.28657,0.12139,0.24009,,150,Sub-Saharan Africa,3.656,,0.0359,,,
Ivory Coast,1.41723,0.77115,0.46866,0.46534,0.20165,0.17922,0.15185,,151,Sub-Saharan Africa,3.655,,0.05141,,,
Burkina Faso,1.46494,0.85188,0.39493,0.25812,0.21747,0.12832,0.27125,,152,Sub-Saharan Africa,3.587,,0.04324,,,
Afghanistan,1.9521,0.30285,0.23414,0.31982,0.3651,0.09719,0.30335,,153,Southern Asia,3.575,,0.03084,,,
Rwanda,0.67042,0.7737,0.59201,0.22208,0.22628,0.55191,0.42864,,154,Sub-Saharan Africa,3.465,,0.03464,,,
Benin,1.63328,0.35386,0.4845,0.28665,0.1826,0.0801,0.3191,,155,Sub-Saharan Africa,3.34,,0.03656,,,
Syria,0.32858,0.47489,0.15684,0.6632,0.47179,0.18906,0.72193,,156,Middle East and Northern Africa,3.006,,0.05015,,,
Burundi,1.83302,0.41587,0.1185,0.0153,0.19727,0.10062,0.22396,,157,Sub-Saharan Africa,2.905,,0.08658,,,
Togo,1.56726,0.13995,0.36453,0.20868,0.16681,0.10731,0.28443,,158,Sub-Saharan Africa,2.839,,0.06727,,,
Denmark,2.73939,1.16374,0.57941,1.44178,0.36171,0.44453,0.79504,7.46,1,Western Europe,7.526,,,7.592,,
Switzerland,2.69463,1.14524,0.58557,1.52733,0.28083,0.41203,0.86303,7.428,2,Western Europe,7.509,,,7.59,,
Iceland,2.83137,1.18326,0.56624,1.42666,0.47678,0.14975,0.86733,7.333,3,Western Europe,7.501,,,7.669,,
Norway,2.66465,1.1269,0.59609,1.57744,0.37895,0.35776,0.79579,7.421,4,Western Europe,7.498,,,7.575,,
Finland,2.82596,1.13464,0.57104,1.40598,0.25492,0.41004,0.81091,7.351,5,Western Europe,7.413,,,7.475,,
Canada,2.70485,1.0961,0.5737,1.44015,0.44834,0.31329,0.8276,7.335,6,North America,7.404,,,7.473,,
Netherlands,2.70749,1.02912,0.55211,1.46468,0.47416,0.29927,0.81231,7.284,7,Western Europe,7.339,,,7.394,,
New Zealand,2.47553,1.17278,0.58147,1.36066,0.49401,0.41904,0.83096,7.264,8,Australia and New Zealand,7.334,,,7.404,,
Australia,2.5465,1.10476,0.56837,1.44443,0.47407,0.32331,0.8512,7.241,9,Australia and New Zealand,7.313,,,7.385,,
Sweden,2.54734,1.08764,0.58218,1.45181,0.38254,0.40867,0.83121,7.227,10,Western Europe,7.291,,,7.355,,
Israel,3.31029,0.99537,0.36432,1.33766,0.32288,0.08728,0.84917,7.199,11,Middle East and Northern Africa,7.267,,,7.335,,
Austria,2.69343,1.08383,0.54355,1.45038,0.32865,0.21348,0.80565,7.045,12,Western Europe,7.119,,,7.193,,
United States,2.72782,1.04782,0.48163,1.50796,0.41077,0.14868,0.779,7.02,13,North America,7.104,,,7.188,,
Costa Rica,3.35168,1.02152,0.55225,1.06879,0.22553,0.10547,0.76146,6.999,14,Latin America and Caribbean,7.087,,,7.175,,
Puerto Rico,3.0076,1.08113,0.46823,1.35943,0.22202,0.12275,0.77758,6.794,15,Latin America and Caribbean,7.039,,,7.284,,
Germany,2.50931,1.09774,0.53466,1.44787,0.30452,0.28551,0.81487,6.93,16,Western Europe,6.994,,,7.058,,
Brazil,3.50733,1.03938,0.40425,1.08754,0.15776,0.14166,0.61415,6.875,17,Latin America and Caribbean,6.952,,,7.029,,
Belgium,2.61355,1.05249,0.51354,1.42539,0.2424,0.26248,0.81959,6.861,18,Western Europe,6.929,,,6.997,,
Ireland,2.15988,1.16157,0.54008,1.48341,0.44963,0.29754,0.81455,6.836,19,Western Europe,6.907,,,6.978,,
Luxembourg,2.11055,1.03999,0.5487,1.69752,0.27571,0.35329,0.84542,6.804,20,Western Europe,6.871,,,6.938,,
Mexico,3.55906,0.7146,0.37709,1.11508,0.11735,0.18355,0.71143,6.68,21,Latin America and Caribbean,6.778,,,6.876,,
Singapore,1.99375,0.86758,0.4877,1.64555,0.32706,0.46987,0.94719,6.674,22,Southeastern Asia,6.739,,,6.804,,
United Kingdom,2.14999,1.08672,0.50036,1.40283,0.50156,0.27399,0.80991,6.647,23,Western Europe,6.725,,,6.803,,
Chile,2.95505,0.90587,0.37789,1.2167,0.31595,0.11451,0.81883,6.615,24,Latin America and Caribbean,6.705,,,6.795,,
Panama,3.00559,0.98912,0.48927,1.18306,0.2418,0.08423,0.70835,6.601,25,Latin America and Caribbean,6.701,,,6.801,,
Argentina,3.12985,1.06612,0.42284,1.15137,0.10989,0.07296,0.69711,6.56,26,Latin America and Caribbean,6.65,,,6.74,,
Czech Republic,2.96211,1.00793,0.41418,1.30915,0.09929,0.03986,0.76376,6.515,27,Central and Eastern Europe,6.596,,,6.677,,
United Arab Emirates,2.21507,0.87114,0.56215,1.57352,0.26591,0.35561,0.72993,6.494,28,Middle East and Northern Africa,6.573,,,6.652,,
Uruguay,2.67139,1.03143,0.54388,1.18157,0.18056,0.21394,0.72183,6.456,29,Latin America and Caribbean,6.545,,,6.634,,
Malta,1.99032,1.09879,0.54994,1.30782,0.56237,0.17554,0.80315,6.409,30,Western Europe,6.488,,,6.567,,
Colombia,3.17471,1.02169,0.44735,1.03032,0.15626,0.05399,0.59659,6.384,31,Latin America and Caribbean,6.481,,,6.578,,
France,2.4744,1.00508,0.46562,1.39488,0.1216,0.17808,0.83795,6.397,32,Western Europe,6.478,,,6.559,,
Thailand,2.5796,1.04477,0.49553,1.0893,0.58696,0.02833,0.64915,6.396,33,Southeastern Asia,6.474,,,6.552,,
Saudi Arabia,2.61482,0.84829,0.37904,1.48953,0.15457,0.30008,0.59267,6.287,34,Middle East and Northern Africa,6.379,,,6.471,,
Taiwan,2.61523,0.92624,0.32377,1.39729,0.25495,0.0663,0.79565,6.305,34,Eastern Asia,6.379,,,6.453,,
Qatar,1.58224,0.87964,0.56679,1.82427,0.32388,0.48049,0.71723,6.178,36,Middle East and Northern Africa,6.375,,,6.572,,
Spain,2.39663,1.12945,0.37545,1.34253,0.17665,0.06137,0.87896,6.288,37,Western Europe,6.361,,,6.434,,
Algeria,3.40904,0.83309,0.21006,1.05266,0.07044,0.16157,0.61804,6.227,38,Middle East and Northern Africa,6.355,,,6.483,,
Guatemala,3.19863,0.87119,0.50379,0.83454,0.28808,0.08701,0.54039,6.213,39,Latin America and Caribbean,6.324,,,6.435,,
Suriname,3.06852,0.77866,0.52234,1.09686,0.16665,0.12692,0.50933,6.073,40,Latin America and Caribbean,6.269,,,6.465,,
Kuwait,2.28085,0.87758,0.43166,1.61714,0.15965,0.23669,0.63569,6.154,41,Middle East and Northern Africa,6.239,,,6.324,,
Bahrain,2.27405,0.94397,0.47375,1.44024,0.17147,0.25772,0.65696,6.128,42,Middle East and Northern Africa,6.218,,,6.308,,
Trinidad and Tobago,2.51394,0.98569,0.48453,1.32572,0.31935,0.01241,0.52608,5.95,43,Latin America and Caribbean,6.168,,,6.386,,
Venezuela,2.97468,1.03302,0.19847,1.13367,0.0425,0.08304,0.61904,5.973,44,Latin America and Caribbean,6.084,,,6.195,,
Slovakia,2.61065,1.08268,0.23391,1.27973,0.13837,0.02947,0.70367,5.996,45,Central and Eastern Europe,6.078,,,6.16,,
El Salvador,3.22134,0.80975,0.37269,0.8737,0.08877,0.10613,0.596,5.967,46,Latin America and Caribbean,6.068,,,6.169,,
Malaysia,2.35384,0.88025,0.39031,1.25142,0.41474,0.09081,0.62366,5.921,47,Southeastern Asia,6.005,,,6.089,,
Nicaragua,2.82428,0.89521,0.46582,0.69384,0.29773,0.16292,0.65213,5.877,48,Latin America and Caribbean,5.992,,,6.107,,
Uzbekistan,2.34638,1.1681,0.60848,0.73591,0.34326,0.28333,0.50163,5.896,49,Central and Eastern Europe,5.987,,,6.078,,
Italy,2.34918,1.04167,0.18827,1.35495,0.16684,0.02556,0.85102,5.898,50,Western Europe,5.977,,,6.056,,
Ecuador,2.77366,0.85974,0.4027,0.97306,0.10074,0.18037,0.68613,5.88,51,Latin America and Caribbean,5.976,,,6.072,,
Belize,3.08039,0.68655,0.51231,0.87616,0.23684,0.10771,0.45569,5.71,52,Latin America and Caribbean,5.956,,,6.202,,
Japan,1.80584,1.06054,0.46761,1.38007,0.10224,0.18985,0.91491,5.85,53,Eastern Asia,5.921,,,5.992,,
Kazakhstan,2.49325,0.95544,0.4052,1.22943,0.15011,0.11132,0.57386,5.837,54,Central and Eastern Europe,5.919,,,6.001,,
Moldova,3.38007,0.83132,0.25202,0.69177,0.19997,0.01903,0.52309,5.823,55,Central and Eastern Europe,5.897,,,5.971,,
Russia,2.59115,1.05261,0.32682,1.23228,0.02736,0.03586,0.58991,5.789,56,Central and Eastern Europe,5.856,,,5.923,,
Poland,2.20035,1.04685,0.4519,1.24585,0.14443,0.055,0.69058,5.749,57,Central and Eastern Europe,5.835,,,5.921,,
South Korea,2.35015,0.72194,0.25168,1.35948,0.18824,0.07716,0.88645,5.747,57,Eastern Asia,5.835,,,5.923,,
Bolivia,2.91635,0.83779,0.50961,0.79422,0.21698,0.07746,0.4697,5.74,59,Latin America and Caribbean,5.822,,,5.904,,
Lithuania,2.60525,1.06411,0.18929,1.2692,0.02025,0.0182,0.64674,5.734,60,Central and Eastern Europe,5.813,,,5.892,,
Belarus,2.38582,1.04993,0.29091,1.13062,0.13942,0.17457,0.63104,5.723,61,Central and Eastern Europe,5.802,,,5.881,,
North Cyprus,1.93447,0.81826,0.43596,1.31141,0.26322,0.16578,0.84142,5.67,62,Western Europe,5.771,,,5.872,,
Slovenia,1.79522,1.05613,0.53164,1.29947,0.25738,0.03635,0.79151,5.683,63,Central and Eastern Europe,5.768,,,5.853,,
Peru,2.73117,0.81255,0.37502,0.99602,0.14527,0.05292,0.62994,5.647,64,Latin America and Caribbean,5.743,,,5.839,,
Turkmenistan,2.21489,1.03817,0.37408,1.08017,0.22567,0.28467,0.44006,5.58,65,Central and Eastern Europe,5.658,,,5.736,,
Mauritius,2.20223,0.75695,0.46145,1.14372,0.36951,0.05203,0.66189,5.507,66,Sub-Saharan Africa,5.648,,,5.789,,
Libya,2.39374,0.95076,0.40672,1.06688,0.17087,0.10339,0.52304,5.406,67,Middle East and Northern Africa,5.615,,,5.824,,
Latvia,2.20859,0.95025,0.27996,1.21788,0.17445,0.0889,0.63952,5.486,68,Central and Eastern Europe,5.56,,,5.634,,
Cyprus,2.04497,0.70697,0.29507,1.31857,0.27906,0.05228,0.8488,5.442,69,Western Europe,5.546,,,5.65,,
Paraguay,2.16091,1.11111,0.46235,0.89373,0.25296,0.07396,0.58295,5.453,70,Latin America and Caribbean,5.538,,,5.623,,
Romania,2.45184,0.72803,0.36712,1.1697,0.12889,0.00679,0.67602,5.427,71,Central and Eastern Europe,5.528,,,5.629,,
Estonia,1.81985,1.05163,0.41511,1.27964,0.08423,0.18519,0.68098,5.437,72,Central and Eastern Europe,5.517,,,5.597,,
Jamaica,2.35682,0.96372,0.43597,0.89333,0.22245,0.04294,0.59469,5.315,73,Latin America and Caribbean,5.51,,,5.705,,
Croatia,2.52462,0.60809,0.23907,1.18649,0.18434,0.04002,0.70524,5.402,74,Central and Eastern Europe,5.488,,,5.574,,
Hong Kong,0.92614,0.87021,0.48079,1.5107,0.40097,0.31647,0.95277,5.362,75,Eastern Asia,5.458,,,5.554,,
Somalia,3.83772,0.33613,0.56778,0.0,0.27225,0.3118,0.11466,5.321,76,Sub-Saharan Africa,5.44,,,5.559,,
Kosovo,2.80998,0.66062,0.14396,0.90145,0.27992,0.06547,0.54,5.308,77,Central and Eastern Europe,5.401,,,5.494,,
Turkey,2.29074,0.87717,0.23889,1.16492,0.04707,0.12348,0.64718,5.295,78,Middle East and Northern Africa,5.389,,,5.483,,
Indonesia,2.03171,0.87625,0.39237,0.95104,0.56521,0.00322,0.49374,5.237,79,Southeastern Asia,5.314,,,5.391,,
Jordan,2.20142,0.86216,0.36023,0.99673,0.14262,0.13297,0.60712,5.187,80,Middle East and Northern Africa,5.303,,,5.419,,
Azerbaijan,2.2735,0.76042,0.35327,1.12373,0.0564,0.17914,0.54504,5.226,81,Central and Eastern Europe,5.291,,,5.356,,
Philippines,2.23484,0.87877,0.54854,0.81217,0.21674,0.11757,0.47036,5.16,82,Southeastern Asia,5.279,,,5.398,,
China,2.17087,0.79381,0.44012,1.0278,0.04959,0.02745,0.73561,5.199,83,Eastern Asia,5.245,,,5.291,,
Bhutan,1.82916,0.90836,0.46074,0.8527,0.48546,0.1616,0.49759,5.138,84,Southern Asia,5.196,,,5.254,,
Kyrgyzstan,2.28136,0.95434,0.40212,0.56044,0.38432,0.04762,0.55449,5.103,85,Central and Eastern Europe,5.185,,,5.267,,
Serbia,2.27539,0.81329,0.15718,1.03437,0.20737,0.04339,0.6458,5.083,86,Central and Eastern Europe,5.177,,,5.271,,
Bosnia and Herzegovina,2.48406,0.64367,0.09511,0.93383,0.29889,0.0,0.70766,5.063,87,Central and Eastern Europe,5.163,,,5.263,,
Montenegro,2.25531,0.74173,0.15111,1.07838,0.17191,0.12721,0.63533,5.055,88,Central and Eastern Europe,5.161,,,5.267,,
Dominican Republic,1.69626,0.99496,0.52259,1.02787,0.21286,0.12372,0.57669,5.037,89,Latin America and Caribbean,5.155,,,5.273,,
Morocco,2.94891,0.38595,0.25646,0.84058,0.04053,0.08404,0.59471,5.058,90,Middle East and Northern Africa,5.151,,,5.244,,
Hungary,1.95473,0.93164,0.1977,1.24142,0.099,0.04472,0.67608,5.056,91,Central and Eastern Europe,5.145,,,5.234,,
Pakistan,3.18286,0.26135,0.14622,0.68816,0.31185,0.1388,0.40306,5.038,92,Southern Asia,5.132,,,5.226,,
Lebanon,2.07339,0.64184,0.26228,1.12268,0.23693,0.03061,0.76171,5.031,93,Middle East and Northern Africa,5.129,,,5.227,,
Portugal,1.53015,0.94367,0.44727,1.27607,0.11691,0.01521,0.79363,5.03,94,Western Europe,5.123,,,5.216,,
Macedonia,2.08947,0.78236,0.27668,1.0193,0.23507,0.07047,0.64738,5.017,95,Central and Eastern Europe,5.121,,,5.225,,
Vietnam,1.9418,0.79117,0.55954,0.74037,0.25075,0.11556,0.66157,4.991,96,Southeastern Asia,5.061,,,5.131,,
Somaliland Region,2.43801,0.75862,0.3913,0.25558,0.51479,0.36794,0.33108,4.934,97,Sub-Saharan Africa,5.057,,,5.18,,
Tunisia,2.68413,0.43165,0.23553,0.97724,0.03936,0.0817,0.59577,4.965,98,Middle East and Northern Africa,5.045,,,5.125,,
Greece,2.12944,0.75473,0.05822,1.24886,0.0,0.04127,0.80029,4.935,99,Western Europe,5.033,,,5.131,,
Tajikistan,2.39106,0.75602,0.43408,0.48835,0.25998,0.13509,0.53119,4.923,100,Central and Eastern Europe,4.996,,,5.069,,
Mongolia,1.53586,1.08983,0.35972,0.98853,0.34539,0.03285,0.55469,4.838,101,Eastern Asia,4.907,,,4.976,,
Laos,2.08637,0.5497,0.52168,0.68042,0.43079,0.22423,0.38291,4.742,102,Southeastern Asia,4.876,,,5.01,,
Nigeria,2.88586,0.64498,0.27854,0.75216,0.23219,0.0305,0.05108,4.75,103,Sub-Saharan Africa,4.875,,,5.0,,
Honduras,2.29551,0.75596,0.26755,0.69429,0.2044,0.06906,0.58383,4.75,104,Latin America and Caribbean,4.871,,,4.992,,
Iran,1.99817,0.38857,0.22544,1.11758,0.38538,0.0557,0.64232,4.703,105,Middle East and Northern Africa,4.813,,,4.923,,
Zambia,2.58991,0.6376,0.42662,0.61202,0.17866,0.11479,0.23573,4.645,106,Sub-Saharan Africa,4.795,,,4.945,,
Nepal,2.32694,0.69699,0.37012,0.44626,0.3816,0.07008,0.50073,4.698,107,Southern Asia,4.793,,,4.888,,
Palestinian Territories,2.40364,0.71629,0.17744,0.67024,0.11154,0.10613,0.56844,4.649,108,Middle East and Northern Africa,4.754,,,4.859,,
Albania,1.92816,0.50163,0.31866,0.9553,0.1684,0.05301,0.73007,4.546,109,Central and Eastern Europe,4.655,,,4.764,,
Bangladesh,2.60904,0.24749,0.39778,0.54177,0.19132,0.12583,0.52989,4.56,110,Southern Asia,4.643,,,4.726,,
Sierra Leone,3.01402,0.628,0.30685,0.36485,0.23897,0.08196,0.0,4.505,111,Sub-Saharan Africa,4.635,,,4.765,,
Iraq,1.81657,0.59205,0.24856,1.07474,0.19589,0.13636,0.51076,4.446,112,Middle East and Northern Africa,4.575,,,4.704,,
Namibia,1.92198,0.70362,0.48614,0.93287,0.07795,0.10398,0.34745,4.374,113,Sub-Saharan Africa,4.574,,,4.774,,
Cameroon,2.5198,0.62542,0.42736,0.52497,0.2268,0.06126,0.12698,4.417,114,Sub-Saharan Africa,4.513,,,4.609,,
Ethiopia,2.65614,0.37932,0.36703,0.29283,0.29522,0.1717,0.34578,4.425,115,Sub-Saharan Africa,4.508,,,4.591,,
South Africa,1.64227,0.96053,0.42483,1.02416,0.13656,0.08415,0.18611,4.371,116,Sub-Saharan Africa,4.459,,,4.547,,
Sri Lanka,0.91681,0.84783,0.50817,0.97318,0.46978,0.07964,0.62007,4.322,117,Southern Asia,4.415,,,4.508,,
India,2.18032,0.29247,0.40285,0.74036,0.25028,0.08722,0.45091,4.351,118,Southern Asia,4.404,,,4.457,,
Myanmar,1.50655,0.69981,0.42692,0.34112,0.81971,0.20243,0.3988,4.327,119,Southeastern Asia,4.395,,,4.463,,
Egypt,1.96895,0.49813,0.18847,0.95395,0.12706,0.10393,0.52116,4.259,120,Middle East and Northern Africa,4.362,,,4.465,,
Armenia,1.97864,0.62477,0.14037,0.86086,0.07793,0.03616,0.64083,4.266,121,Central and Eastern Europe,4.36,,,4.454,,
Kenya,1.88326,0.7624,0.40576,0.52267,0.41328,0.06686,0.30147,4.259,122,Sub-Saharan Africa,4.356,,,4.453,,
Ukraine,1.50066,1.01413,0.12859,0.87287,0.20363,0.01829,0.58628,4.236,123,Central and Eastern Europe,4.324,,,4.412,,
Ghana,2.2002,0.49353,0.40973,0.63107,0.21203,0.0326,0.29681,4.185,124,Sub-Saharan Africa,4.276,,,4.367,,
Congo (Kinshasa),2.74924,0.80676,0.15602,0.05661,0.25458,0.06075,0.188,4.191,125,Sub-Saharan Africa,4.272,,,4.353,,
Georgia,1.87031,0.19249,0.32461,0.83792,0.06786,0.3188,0.64035,4.164,126,Central and Eastern Europe,4.252,,,4.34,,
Congo (Brazzaville),2.10681,0.47799,0.37938,0.77109,0.12077,0.09753,0.28212,4.107,127,Sub-Saharan Africa,4.236,,,4.365,,
Senegal,1.97861,0.77416,0.31056,0.44314,0.19103,0.11681,0.40457,4.151,128,Sub-Saharan Africa,4.219,,,4.287,,
Bulgaria,1.15377,0.92542,0.21219,1.11306,0.12793,0.00615,0.67806,4.104,129,Central and Eastern Europe,4.217,,,4.33,,
Mauritania,1.9263,0.84142,0.1268,0.61391,0.22686,0.17955,0.28639,4.127,130,Sub-Saharan Africa,4.201,,,4.275,,
Zimbabwe,2.4427,0.71478,0.25429,0.35041,0.18503,0.08582,0.1595,4.101,131,Sub-Saharan Africa,4.193,,,4.285,,
Malawi,2.82859,0.147,0.4143,0.08709,0.30968,0.07564,0.29364,4.041,132,Sub-Saharan Africa,4.156,,,4.271,,
Sudan,2.10995,0.81928,0.0,0.63069,0.18077,0.10039,0.29759,3.928,133,Sub-Saharan Africa,4.139,,,4.35,,
Gabon,1.45332,0.72368,0.28098,1.15851,0.06244,0.09314,0.3494,4.03,134,Sub-Saharan Africa,4.121,,,4.212,,
Mali,2.11087,0.86333,0.27544,0.31292,0.21064,0.13647,0.16347,3.988,135,Sub-Saharan Africa,4.073,,,4.158,,
Haiti,2.37116,0.29561,0.12072,0.34097,0.47958,0.14476,0.27494,3.893,136,Latin America and Caribbean,4.028,,,4.163,,
Botswana,0.96741,0.89186,0.44089,1.09426,0.12425,0.10769,0.34752,3.875,137,Sub-Saharan Africa,3.974,,,4.073,,
Comoros,2.25632,0.60323,0.15412,0.27509,0.1827,0.18437,0.29981,3.86,138,Sub-Saharan Africa,3.956,,,4.052,,
Ivory Coast,1.97478,0.57576,0.40663,0.55507,0.20338,0.1553,0.04476,3.826,139,Sub-Saharan Africa,3.916,,,4.006,,
Cambodia,1.31573,0.5375,0.58852,0.55604,0.40339,0.08092,0.42494,3.798,140,Southeastern Asia,3.907,,,4.016,,
Angola,2.09459,0.66366,0.00589,0.84731,0.12071,0.08434,0.04991,3.753,141,Sub-Saharan Africa,3.866,,,3.979,,
Niger,2.09469,0.6053,0.38041,0.1327,0.2097,0.17176,0.26162,3.781,142,Sub-Saharan Africa,3.856,,,3.931,,
South Sudan,2.50929,0.18519,0.19662,0.39394,0.25899,0.13015,0.15781,3.596,143,Sub-Saharan Africa,3.832,,,4.068,,
Chad,2.30637,0.63178,0.12807,0.42214,0.18667,0.04952,0.03824,3.672,144,Sub-Saharan Africa,3.763,,,3.854,,
Burkina Faso,1.87319,0.63054,0.3337,0.31995,0.24353,0.12533,0.21297,3.647,145,Sub-Saharan Africa,3.739,,,3.831,,
Uganda,1.51416,0.90981,0.43653,0.34719,0.27102,0.06442,0.19625,3.629,145,Sub-Saharan Africa,3.739,,,3.849,,
Yemen,1.97295,0.47493,0.2287,0.57939,0.09821,0.05892,0.31048,3.621,147,Middle East and Northern Africa,3.724,,,3.827,,
Madagascar,2.15075,0.46115,0.13684,0.27954,0.2204,0.07506,0.37109,3.621,148,Sub-Saharan Africa,3.695,,,3.769,,
Tanzania,1.37769,0.77623,0.3176,0.47155,0.31472,0.05099,0.357,3.561,149,Sub-Saharan Africa,3.666,,,3.771,,
Liberia,2.23284,0.50353,0.25748,0.10706,0.24063,0.04852,0.23165,3.463,150,Sub-Saharan Africa,3.622,,,3.781,,
Guinea,2.15604,0.3109,0.30953,0.22415,0.29914,0.1192,0.18829,3.533,151,Sub-Saharan Africa,3.607,,,3.681,,
Rwanda,0.96819,0.61586,0.5432,0.32846,0.23552,0.50521,0.31865,3.444,152,Sub-Saharan Africa,3.515,,,3.586,,
Benin,2.10812,0.10419,0.39747,0.39499,0.2018,0.06681,0.21028,3.404,153,Sub-Saharan Africa,3.484,,,3.564,,
Afghanistan,2.14558,0.11037,0.1643,0.38227,0.31268,0.07112,0.17344,3.288,154,Southern Asia,3.36,,,3.432,,
Togo,2.1354,0.0,0.34678,0.28123,0.17517,0.11587,0.24811,3.192,155,Sub-Saharan Africa,3.303,,,3.414,,
Syria,0.81789,0.14866,0.06912,0.74719,0.48397,0.17233,0.62994,2.936,156,Middle East and Northern Africa,3.069,,,3.202,,
Burundi,2.10404,0.23442,0.0432,0.06831,0.2029,0.09419,0.15747,2.732,157,Sub-Saharan Africa,2.905,,,3.078,,
Norway,2.27702665328979,1.53352355957031,0.635422587394714,1.61646318435669,0.36201223731041,0.315963834524155,0.796666502952576,,1,,7.53700017929077,,,,7.59444482058287,7.47955553799868
Denmark,2.31370735168457,1.55112159252167,0.626006722450256,1.48238301277161,0.355280488729477,0.40077006816864,0.792565524578094,,2,,7.52199983596802,,,,7.58172806486487,7.46227160707116
Iceland,2.32271528244019,1.6105740070343,0.627162635326385,1.480633020401,0.475540220737457,0.153526559472084,0.833552122116089,,3,,7.50400018692017,,,,7.62203047305346,7.38596990078688
Switzerland,2.2767162322998,1.51691174507141,0.620070576667786,1.56497955322266,0.290549278259277,0.367007285356522,0.858131289482117,,4,,7.49399995803833,,,,7.56177242040634,7.42622749567032
Finland,2.4301815032959,1.5402467250824,0.617950856685638,1.44357192516327,0.24548277258873,0.38261154294014,0.80915766954422,,5,,7.4689998626709,,,,7.52754207581282,7.41045764952898
Netherlands,2.29480409622192,1.42893922328949,0.585384488105774,1.50394463539124,0.470489829778671,0.282661825418472,0.810696125030518,,6,,7.3769998550415,,,,7.42742584124207,7.32657386884093
Canada,2.18726444244385,1.48134899139404,0.611100912094116,1.47920441627502,0.435539722442627,0.287371516227722,0.83455765247345,,7,,7.31599998474121,,,,7.38440283536911,7.24759713411331
New Zealand,2.0464563369751,1.54819512367249,0.614062130451202,1.40570604801178,0.500005125999451,0.382816702127457,0.816759705543518,,8,,7.31400012969971,,,,7.3795104418695,7.24848981752992
Sweden,2.09753799438477,1.47816216945648,0.612924098968506,1.49438726902008,0.385399252176285,0.384398728609085,0.830875158309937,,9,,7.28399991989136,,,,7.34409487739205,7.22390496239066
Australia,2.06521081924438,1.51004195213318,0.601607382297516,1.484414935112,0.477699249982834,0.301183730363846,0.84388679265976,,10,,7.28399991989136,,,,7.35665122494102,7.2113486148417
Israel,2.80175733566284,1.37628996372223,0.405988603830338,1.37538242340088,0.330082654953003,0.0852421000599861,0.83840399980545,,11,,7.21299982070923,,,,7.27985325649381,7.14614638492465
Costa Rica,2.89863920211792,1.41640365123749,0.580131649971008,1.10970628261566,0.214613229036331,0.100106589496136,0.759509265422821,,12,,7.0789999961853,,,,7.16811166629195,6.98988832607865
Austria,2.1385064125061,1.4599449634552,0.567766189575195,1.48709726333618,0.316472321748734,0.221060365438461,0.815328419208527,,13,,7.00600004196167,,,,7.07066981211305,6.94133027181029
United States,2.2181134223938,1.41992056369781,0.505740523338318,1.54625928401947,0.392578780651093,0.135638788342476,0.77428662776947,,14,,6.99300003051758,,,,7.07465674757957,6.91134331345558
Ireland,1.77386903762817,1.55823111534119,0.573110342025757,1.53570663928986,0.42785832285881,0.29838815331459,0.80978262424469,,15,,6.97700023651123,,,,7.04335166752338,6.91064880549908
Germany,2.01576995849609,1.47252035140991,0.562511384487152,1.48792338371277,0.336269170045853,0.276731938123703,0.798950731754303,,16,,6.95100021362305,,,,7.00538156926632,6.89661885797977
Belgium,2.12421035766602,1.46231269836426,0.539770722389221,1.46378076076508,0.231503337621689,0.251343131065369,0.818091869354248,,17,,6.89099979400635,,,,6.95582075044513,6.82617883756757
Luxembourg,1.61951208114624,1.45758366584778,0.59662789106369,1.74194359779358,0.283180981874466,0.31883442401886,0.845089495182037,,18,,6.86299991607666,,,,6.92368609987199,6.80231373228133
United Kingdom,1.70414352416992,1.49646008014679,0.508190035820007,1.44163393974304,0.492774158716202,0.265428066253662,0.805335938930511,,19,,6.71400022506714,,,,6.78379176110029,6.64420868903399
Chile,2.50958585739136,1.28402495384216,0.376895278692245,1.25278460979462,0.326662421226501,0.0822879821062088,0.819479703903198,,20,,6.65199995040894,,,,6.73925056010485,6.56474934071302
United Arab Emirates,1.734703540802,1.26641023159027,0.60834527015686,1.62634336948395,0.3609419465065,0.324489563703537,0.726798236370087,,21,,6.64799976348877,,,,6.72204730376601,6.57395222321153
Brazil,2.76926708221436,1.43130600452423,0.437453746795654,1.10735321044922,0.16234989464283,0.111092761158943,0.616552352905273,,22,,6.63500022888184,,,,6.72546950161457,6.5445309561491
Czech Republic,2.45186185836792,1.43388521671295,0.490946173667908,1.35268235206604,0.0881067588925362,0.0368729270994663,0.754444003105164,,23,,6.60900020599365,,,,6.68386246263981,6.5341379493475
Argentina,2.61400532722473,1.44045114517212,0.494519203901291,1.18529546260834,0.109457060694695,0.059739887714386,0.695137083530426,,24,,6.59899997711182,,,,6.69008508607745,6.50791486814618
Mexico,2.83715486526489,1.210862159729,0.412730008363724,1.15318381786346,0.120990432798862,0.132774114608765,0.709978997707367,,25,,6.57800006866455,,,,6.67114890769124,6.48485122963786
Singapore,1.21636199951172,1.35381436347961,0.549840569496155,1.69227766990662,0.345965981483459,0.46430778503418,0.949492394924164,,26,,6.57200002670288,,,,6.63672306910157,6.50727698430419
Malta,1.55686283111572,1.48841166496277,0.588767051696777,1.34327983856201,0.574730575084686,0.153066068887711,0.821944236755371,,27,,6.52699995040894,,,,6.59839677289128,6.45560312792659
Uruguay,2.17240953445435,1.41222786903381,0.57939225435257,1.21755969524384,0.175096929073334,0.178061872720718,0.719216823577881,,28,,6.4539999961853,,,,6.54590621769428,6.36209377467632
Guatemala,2.89389109611511,1.25558519363403,0.531310617923737,0.872001945972443,0.283488392829895,0.0772232785820961,0.540239989757538,,29,,6.4539999961853,,,,6.56687397271395,6.34112601965666
Panama,2.30719995498657,1.37319254875183,0.550026834011078,1.23374843597412,0.21055693924427,0.070983923971653,0.706156134605408,,30,,6.4520001411438,,,,6.55713071614504,6.34686956614256
France,2.00595474243164,1.38777685165405,0.470222115516663,1.43092346191406,0.129762306809425,0.172502428293228,0.844465851783752,,31,,6.44199991226196,,,,6.51576780244708,6.36823202207685
Thailand,2.03950834274292,1.42579245567322,0.580200731754303,1.12786877155304,0.572123110294342,0.0316127352416515,0.647239029407501,,32,,6.42399978637695,,,,6.50911685571074,6.33888271704316
Taiwan Province of China,2.1266074180603,1.38456535339355,0.361466586589813,1.43362653255463,0.258360475301743,0.0638292357325554,0.793984234333038,,33,,6.42199993133545,,,,6.49459602192044,6.34940384075046
Spain,1.92775774002075,1.53209090232849,0.408781230449677,1.38439786434174,0.190133571624756,0.0709140971302986,0.888960599899292,,34,,6.40299987792969,,,,6.4710548453033,6.33494491055608
Qatar,1.1454644203186,1.27429687976837,0.604130983352661,1.87076568603516,0.330473870038986,0.439299255609512,0.710098087787628,,35,,6.375,,,,6.56847681432962,6.18152318567038
Colombia,2.61606812477112,1.4021829366684,0.477487415075302,1.07062232494354,0.149014472961426,0.0466687418520451,0.595027923583984,,36,,6.35699987411499,,,,6.45202005416155,6.26197969406843
Saudi Arabia,2.0654296875,1.28667759895325,0.449750572443008,1.53062355518341,0.147616013884544,0.27343225479126,0.590148329734802,,37,,6.3439998626709,,,,6.44416661202908,6.24383311331272
Trinidad and Tobago,2.05324745178223,1.3802285194397,0.518630743026733,1.36135590076447,0.325296461582184,0.0089648161083459,0.519983291625977,,38,,6.16800022125244,,,,6.38153389066458,5.95446655184031
Kuwait,1.64042520523071,1.25969874858856,0.496337592601776,1.63295245170593,0.228289797902107,0.215159550309181,0.632105708122253,,39,,6.10500001907349,,,,6.1919569888711,6.01804304927588
Slovakia,2.09777665138245,1.50505924224854,0.295817464590073,1.32539355754852,0.136544480919838,0.0242108516395092,0.712732911109924,,40,,6.09800004959106,,,,6.1773484121263,6.01865168705583
Bahrain,1.65614938735962,1.32311046123505,0.536746919155121,1.48841226100922,0.172668486833572,0.257042169570923,0.653133034706116,,41,,6.08699989318848,,,,6.17898906782269,5.99501071855426
Malaysia,2.00444889068604,1.28464603424072,0.402264982461929,1.29121541976929,0.416608929634094,0.0656007081270218,0.618784427642822,,42,,6.08400011062622,,,,6.17997963652015,5.98802058473229
Nicaragua,2.51393055915833,1.28721570968628,0.447551846504211,0.737299203872681,0.301674216985703,0.130687981843948,0.653095960617065,,43,,6.07100009918213,,,,6.18658360034227,5.95541659802198
Ecuador,2.29035258293152,1.28616881370544,0.4551981985569,1.00082039833069,0.150112465023994,0.140134647488594,0.685636222362518,,44,,6.00799989700317,,,,6.10584767535329,5.91015211865306
El Salvador,2.7145938873291,1.18212509155273,0.432452529668808,0.909784495830536,0.0782579854130745,0.0899809598922729,0.596018552780151,,45,,6.00299978256226,,,,6.108635122329,5.89736444279552
Poland,1.79772281646729,1.44571197032928,0.520342111587524,1.29178786277771,0.158465966582298,0.0593078061938286,0.699475347995758,,46,,5.97300004959106,,,,6.05390834122896,5.89209175795317
Uzbekistan,1.81691360473633,1.54896914958954,0.658248662948608,0.786441087722778,0.415983647108078,0.246528223156929,0.498272627592087,,47,,5.97100019454956,,,,6.06553757295012,5.876462816149
Italy,1.81331205368042,1.44492328166962,0.256450712680817,1.39506661891937,0.17278964817524,0.0280280914157629,0.853144347667694,,48,,5.96400022506714,,,,6.04273690596223,5.88526354417205
Russia,2.20560741424561,1.46928238868713,0.373783111572266,1.28177809715271,0.0522638224065304,0.0329628810286522,0.547349333763123,,49,,5.96299982070923,,,,6.03027490749955,5.89572473391891
Belize,2.63195562362671,1.08141779899597,0.547509372234344,0.907975316047668,0.240015640854836,0.0965810716152191,0.450191766023636,,50,,5.95599985122681,,,,6.19724231779575,5.71475738465786
Japan,1.36322355270386,1.43633782863617,0.505625545978546,1.41691517829895,0.12057276815176,0.163760736584663,0.913475871086121,,51,,5.92000007629395,,,,5.99071944460273,5.84928070798516
Lithuania,2.22844052314758,1.47351610660553,0.234231784939766,1.31458234786987,0.010164656676352,0.0118656428530812,0.62894994020462,,52,,5.90199995040894,,,,5.98266964137554,5.82133025944233
Algeria,2.56760382652283,1.1462174654007,0.233335807919502,1.09186446666718,0.0694366469979286,0.146096110343933,0.617584645748138,,53,,5.87200021743774,,,,5.97828643366694,5.76571400120854
Latvia,1.99365520477295,1.40471494197845,0.325707912445068,1.26074862480164,0.153074786067009,0.0738427266478539,0.638566970825195,,54,,5.84999990463257,,,,5.92026353821158,5.77973627105355
South Korea,1.88037800788879,1.12827444076538,0.257921665906906,1.40167844295502,0.206674367189407,0.0632826685905457,0.900214076042175,,55,,5.83799982070923,,,,5.92255902826786,5.7534406131506
Moldova,2.80780839920044,1.25182557106018,0.240729048848152,0.728870630264282,0.208779126405716,0.0100912861526012,0.589465200901031,,56,,5.83799982070923,,,,5.90837083846331,5.76762880295515
Romania,2.17683148384094,1.15009129047394,0.457003742456436,1.21768391132355,0.133519917726517,0.00438790069893,0.685158312320709,,57,,5.82499980926514,,,,5.91969415679574,5.73030546173453
Bolivia,2.44327902793884,1.22761905193329,0.558732926845551,0.833756566047668,0.22556072473526,0.0604777261614799,0.473630249500275,,58,,5.82299995422363,,,,5.9039769025147,5.74202300593257
Turkmenistan,1.83290982246399,1.49314916133881,0.41827192902565,1.13077676296234,0.24992498755455,0.259270340204239,0.437726080417633,,59,,5.82200002670288,,,,5.88518087550998,5.75881917789578
Kazakhstan,1.78489255905151,1.38436901569366,0.437454283237457,1.28455626964569,0.201964423060417,0.119282886385918,0.606041550636292,,60,,5.81899976730347,,,,5.90364177465439,5.73435775995255
North Cyprus,1.54915761947632,1.18630337715149,0.471203625202179,1.3469113111496,0.266845703125,0.155353352427483,0.834647238254547,,61,,5.80999994277954,,,,5.89736646488309,5.72263342067599
Slovenia,1.31331729888916,1.45251882076263,0.572575807571411,1.3412059545517,0.242649093270302,0.0451289787888527,0.790828227996826,,62,,5.75799989700317,,,,5.84222516000271,5.67377463400364
Peru,2.20726943016052,1.21877038478851,0.450002878904343,1.03522527217865,0.126819714903831,0.0470490865409374,0.630166113376617,,63,,5.71500015258789,,,,5.81194677859545,5.61805352658033
Mauritius,1.6975839138031,1.20956099033356,0.491247326135635,1.18939554691315,0.360933750867844,0.0421815551817417,0.638007462024689,,64,,5.62900018692017,,,,5.72986219167709,5.52813818216324
Cyprus,1.62124919891357,1.13136327266693,0.355111539363861,1.35593807697296,0.271254301071167,0.0412379764020443,0.84471470117569,,65,,5.62099981307983,,,,5.71469269931316,5.5273069268465
Estonia,1.35750865936279,1.47667109966278,0.479131430387497,1.32087934017181,0.0988908112049103,0.183248922228813,0.695168316364288,,66,,5.61100006103516,,,,5.68813987419009,5.53386024788022
Belarus,1.72323298454285,1.44494521617889,0.295400261878967,1.15655755996704,0.15513750910759,0.156313821673393,0.637714266777039,,67,,5.56899976730347,,,,5.64611424401402,5.49188529059291
Libya,1.83501124382019,1.35756433010101,0.465733230113983,1.10180306434631,0.152073666453362,0.0926102101802826,0.520169019699097,,68,,5.52500009536743,,,,5.67695380687714,5.37304638385773
Turkey,1.87927794456482,1.33775317668915,0.300740599632263,1.19827437400818,0.0466930419206619,0.0996715798974037,0.637605607509613,,69,,5.5,,,,5.59486496329308,5.40513503670692
Paraguay,1.6853334903717,1.50728487968445,0.473507791757584,0.932537317276001,0.224150657653809,0.091065913438797,0.579250693321228,,70,,5.49300003051758,,,,5.57738126963377,5.40861879140139
"Hong Kong S.A.R., China",0.554633140563965,1.26279091835022,0.490968644618988,1.55167484283447,0.374465793371201,0.293933749198914,0.943062424659729,,71,,5.47200012207031,,,,5.54959417313337,5.39440607100725
Philippines,1.97260475158691,1.25391757488251,0.585214674472809,0.85769921541214,0.193513423204422,0.0993318930268288,0.468009054660797,,72,,5.42999982833862,,,,5.54533505424857,5.31466460242867
Serbia,1.94708442687988,1.25818979740143,0.208715528249741,1.06931757926941,0.220125883817673,0.0409037806093693,0.65078467130661,,73,,5.39499998092651,,,,5.49156965613365,5.29843030571938
Jordan,1.79117655754089,1.23908889293671,0.418421149253845,0.991012394428253,0.172170460224152,0.11980327218771,0.604590058326721,,74,,5.33599996566772,,,,5.44841002240777,5.22358990892768
Hungary,1.71645927429199,1.34313309192657,0.175863519310951,1.2860119342804,0.0784016624093056,0.0366369374096394,0.687763452529907,,75,,5.32399988174438,,,,5.40303970918059,5.24496005430818
Jamaica,1.61232566833496,1.36821806430817,0.474307239055634,0.925579309463501,0.233818337321281,0.0552677810192108,0.641022384166718,,76,,5.31099987030029,,,,5.58139872848988,5.04060101211071
Croatia,1.85449242591858,0.96798300743103,0.255772292613983,1.22255623340607,0.248002976179123,0.0431031100451946,0.701288521289825,,77,,5.29300022125244,,,,5.39177720457315,5.19422323793173
Kosovo,2.01054072380066,1.13785350322723,0.260287940502167,0.951484382152557,0.319931447505951,0.0574716180562973,0.541452050209045,,78,,5.27899980545044,,,,5.36484799548984,5.19315161541104
China,1.76493859291077,1.16083741188049,0.472787708044052,1.08116579055786,0.0288068410009146,0.0227942746132612,0.741415500640869,,79,,5.27299976348877,,,,5.31927808977663,5.2267214372009
Pakistan,2.79248929023743,0.672690689563751,0.23521526157856,0.72688353061676,0.315446019172668,0.124348066747189,0.402047783136368,,80,,5.26900005340576,,,,5.35998364135623,5.17801646545529
Indonesia,1.42947697639465,1.27444469928741,0.443323463201523,0.995538592338562,0.611704587936401,0.0153171354904771,0.492345720529556,,81,,5.26200008392334,,,,5.35288859814405,5.17111156970263
Venezuela,1.78946375846863,1.43133759498596,0.153997123241425,1.12843120098114,0.0650196298956871,0.0644911229610443,0.617144227027893,,82,,5.25,,,,5.3700319455564,5.1299680544436
Montenegro,1.72919154167175,1.23837649822235,0.194989055395126,1.12112903594971,0.197911024093628,0.0881741940975189,0.667464673519135,,83,,5.23699998855591,,,,5.34104444056749,5.13295553654432
Morocco,2.45618939399719,0.774864435195923,0.408158332109451,0.878114581108093,0.0322099551558495,0.0877631828188896,0.59771066904068,,84,,5.2350001335144,,,,5.31834096476436,5.15165930226445
Azerbaijan,1.76248168945312,1.15240025520325,0.398155838251114,1.15360176563263,0.0452693402767181,0.180987507104874,0.540775775909424,,85,,5.23400020599365,,,,5.29928653523326,5.16871387675405
Dominican Republic,1.31946516036987,1.40241670608521,0.55258983373642,1.07937383651733,0.186967849731445,0.113945253193378,0.574873745441437,,86,,5.23000001907349,,,,5.34906088516116,5.11093915298581
Greece,1.74922156333923,1.23941457271576,0.0957312509417534,1.28948748111725,0.0,0.04328977689147,0.810198903083801,,87,,5.22700023651123,,,,5.3252461694181,5.12875430360436
Lebanon,1.69507384300232,1.12962424755096,0.288515985012054,1.07498753070831,0.264450758695602,0.037513829767704,0.735081076622009,,88,,5.22499990463257,,,,5.31888228848577,5.13111752077937
Portugal,1.10768270492554,1.36704301834106,0.498465299606323,1.3151752948761,0.0951027125120163,0.0158694516867399,0.795843541622162,,89,,5.19500017166138,,,,5.28504173308611,5.10495861023665
Bosnia and Herzegovina,1.89217257499695,1.0693359375,0.204403176903725,0.982409417629242,0.328867495059967,0.0,0.705186307430267,,90,,5.18200016021729,,,,5.27633568674326,5.08766463369131
Honduras,2.06581115722656,1.14394497871399,0.348079860210419,0.730573117733002,0.236188873648643,0.0733454525470734,0.582569479942322,,91,,5.18100023269653,,,,5.30158279687166,5.0604176685214
Macedonia,1.6174693107605,1.20789301395416,0.325905978679657,1.06457793712616,0.25376096367836,0.0602777935564518,0.644948184490204,,92,,5.17500019073486,,,,5.27217263966799,5.07782774180174
Somalia,3.11748456954956,0.721151351928711,0.602126955986023,0.0226431842893362,0.291631311178207,0.282410323619843,0.113989137113094,,93,,5.15100002288818,,,,5.24248370990157,5.0595163358748
Vietnam,1.46231865882874,1.27749133110046,0.571055591106415,0.788547575473785,0.234968051314354,0.0876332372426987,0.652168989181519,,94,,5.07399988174438,,,,5.14728076457977,5.000718998909
Nigeria,2.36539053916931,1.21577048301697,0.394952565431595,0.783756256103516,0.230947196483612,0.0261215660721064,0.0569157302379608,,95,,5.07399988174438,,,,5.20950013548136,4.93849962800741
Tajikistan,1.84904932975769,1.27146327495575,0.471566706895828,0.524713635444641,0.248997643589973,0.146377146244049,0.529235124588013,,96,,5.04099988937378,,,,5.11142559587956,4.970574182868
Bhutan,1.14018440246582,1.34012651443481,0.501537680625916,0.885416388511658,0.474054545164108,0.173380389809608,0.495879292488098,,97,,5.01100015640259,,,,5.07933456212282,4.94266575068235
Kyrgyzstan,1.53672313690186,1.39423859119415,0.454943388700485,0.596220076084137,0.42858037352562,0.0394391790032387,0.553457796573639,,98,,5.00400018692017,,,,5.08991990312934,4.91808047071099
Nepal,1.8912410736084,1.17928326129913,0.440305948257446,0.479820191860199,0.394096165895462,0.0729755461215973,0.504130780696869,,99,,4.96199989318848,,,,5.06735607936978,4.85664370700717
Mongolia,1.11129236221313,1.4930112361908,0.394143968820572,1.02723586559296,0.338464230298996,0.0329022891819477,0.557783484458923,,100,,4.95499992370605,,,,5.0216795091331,4.88832033827901
South Africa,1.51090860366821,1.38478863239288,0.479246735572815,1.05469870567322,0.139362379908562,0.0725094974040985,0.187080070376396,,101,,4.8289999961853,,,,4.92943518772721,4.72856480464339
Tunisia,1.89025115966797,0.868351459503174,0.289680689573288,1.00726580619812,0.0496933571994305,0.0867231488227844,0.613212049007416,,102,,4.80499982833862,,,,4.88436700701714,4.72563264966011
Palestinian Territories,1.8788902759552,1.15564715862274,0.25471106171608,0.716249227523804,0.114173173904419,0.0892826020717621,0.565666973590851,,103,,4.77500009536743,,,,4.88184834256768,4.66815184816718
Egypt,1.70216107368469,0.997471392154694,0.282110154628754,0.989701807498932,0.128631442785263,0.114381365478039,0.520187258720398,,104,,4.7350001335144,,,,4.82513378962874,4.64486647740006
Bulgaria,0.996139287948608,1.43437945842743,0.289231717586517,1.1614590883255,0.113177694380283,0.0110515309497714,0.708217680454254,,105,,4.71400022506714,,,,4.80369470641017,4.62430574372411
Sierra Leone,2.66845989227295,0.984136044979095,0.318697690963745,0.36842092871666,0.293040901422501,0.0710951760411263,0.0055647538974881,,106,,4.70900011062622,,,,4.85064333498478,4.56735688626766
Cameroon,2.3336455821991,0.946018218994141,0.430388748645782,0.564305365085602,0.236298456788063,0.0513066314160824,0.132892116904259,,107,,4.69500017166138,,,,4.79654085725546,4.5934594860673
Iran,1.49873495101929,0.711551249027252,0.249322608113289,1.15687310695648,0.387242913246155,0.048761073499918,0.639333188533783,,108,,4.69199991226196,,,,4.79822470769286,4.58577511683106
Albania,1.49044156074524,0.803685247898102,0.381498634815216,0.996192753314972,0.201312944293022,0.0398642159998417,0.731159746646881,,109,,4.64400005340576,,,,4.75246400639415,4.53553610041738
Bangladesh,1.97873616218567,0.735131740570068,0.478356659412384,0.586682975292206,0.172255352139473,0.123717859387398,0.533241033554077,,110,,4.60799980163574,,,,4.68982165828347,4.52617794498801
Namibia,1.4818902015686,1.0984708070755,0.520303547382355,0.964434325695038,0.0771337449550629,0.0931469723582268,0.33861181139946,,111,,4.57399988174438,,,,4.77035474091768,4.37764502257109
Kenya,1.6519021987915,1.06795072555542,0.452763766050339,0.560479462146759,0.444860309362411,0.0646413192152977,0.309988349676132,,112,,4.55299997329712,,,,4.65569159060717,4.45030835598707
Mozambique,2.35565090179443,0.870701014995575,0.480791091918945,0.234305649995804,0.322228103876114,0.179436385631561,0.106654435396194,,113,,4.55000019073486,,,,4.77410232633352,4.3258980551362
Myanmar,1.11529040336609,1.12323594093323,0.514492034912109,0.367110550403595,0.838075160980225,0.188816204667091,0.397522568702698,,114,,4.54500007629395,,,,4.61473994642496,4.47526020616293
Senegal,1.78964614868164,1.17969191074371,0.377922266721725,0.479309022426605,0.183468893170357,0.115460447967052,0.409362852573395,,115,,4.53499984741211,,,,4.6016037812829,4.46839591354132
Zambia,1.82670545578003,1.00318729877472,0.461603492498398,0.636406779289246,0.249580144882202,0.0782135501503944,0.257835894823074,,116,,4.51399993896484,,,,4.64410550147295,4.38389437645674
Iraq,1.31890726089478,0.978613197803497,0.288555532693863,1.10271048545837,0.19963726401329,0.107215754687786,0.501180469989777,,117,,4.49700021743774,,,,4.62259140968323,4.37140902519226
Gabon,1.32291626930237,1.1556202173233,0.312328577041626,1.1982102394104,0.0437853783369064,0.0760467872023582,0.356578588485718,,118,,4.46500015258789,,,,4.5573617656529,4.37263853952289
Ethiopia,2.01574373245239,0.86466920375824,0.408842742443085,0.339233845472336,0.312650740146637,0.165455713868141,0.353409707546234,,119,,4.46000003814697,,,,4.54272867664695,4.377271399647
Sri Lanka,0.419389247894287,1.25997638702393,0.561213254928589,1.00985014438629,0.490863561630249,0.0736539661884308,0.625130832195282,,120,,4.44000005722046,,,,4.55344719231129,4.32655292212963
Armenia,1.5214991569519,1.00748372077942,0.198303267359734,0.900596737861633,0.0834880918264389,0.0266744215041399,0.637524425983429,,121,,4.37599992752075,,,,4.46673461228609,4.28526524275541
India,1.5191171169281,0.754372596740723,0.469987004995346,0.792221248149872,0.231538489460945,0.0922268852591515,0.455427616834641,,122,,4.31500005722046,,,,4.37152201749384,4.25847809694707
Mauritania,1.65163731575012,1.2720308303833,0.0960980430245399,0.648457288742065,0.201870024204254,0.136957004666328,0.285349279642105,,123,,4.29199981689453,,,,4.37716361626983,4.20683601751924
Congo (Brazzaville),1.72413563728333,0.832044363021851,0.435025870800018,0.808964252471924,0.120852127671242,0.0796181336045265,0.28995743393898,,124,,4.29099988937378,,,,4.41005350500345,4.17194627374411
Georgia,1.50013780593872,0.57061493396759,0.309410035610199,0.950612664222717,0.0540088154375553,0.251666635274887,0.649546980857849,,125,,4.28599977493286,,,,4.37493396580219,4.19706558406353
Congo (Kinshasa),2.22495865821838,1.22902345657349,0.235961347818375,0.0921023488044739,0.246455833315849,0.0602413564920425,0.191407024860382,,126,,4.28000020980835,,,,4.35781083270907,4.20218958690763
Mali,1.66819095611572,1.28147339820862,0.306613743305206,0.476180493831635,0.183354198932648,0.104970246553421,0.169365674257278,,127,,4.19000005722046,,,,4.26967071101069,4.11032940343022
Ivory Coast,1.84496426582336,0.904780030250549,0.447706192731857,0.603048920631409,0.201237469911575,0.130061775445938,0.0486421696841717,,128,,4.17999982833862,,,,4.27518256321549,4.08481709346175
Cambodia,1.04294109344482,1.00623834133148,0.633375823497772,0.601765096187592,0.385922968387604,0.0681059509515762,0.429783403873444,,129,,4.16800022125244,,,,4.27851781353354,4.05748262897134
Sudan,1.68706583976746,1.21400856971741,0.0149958552792668,0.65951669216156,0.182317450642586,0.089847519993782,0.290920823812485,,130,,4.13899993896484,,,,4.34574716508389,3.9322527128458
Ghana,1.57786750793457,0.873664736747742,0.423026293516159,0.667224824428558,0.256923943758011,0.0253363698720932,0.295637726783752,,131,,4.11999988555908,,,,4.22270720854402,4.01729256257415
Ukraine,0.814382314682007,1.39453756809235,0.122974775731564,0.89465194940567,0.270061463117599,0.0230294708162546,0.575903952121735,,132,,4.09600019454956,,,,4.18541010454297,4.00659028455615
Uganda,1.526362657547,1.12982773780823,0.443185955286026,0.381430715322495,0.325766056776047,0.057069718837738,0.217632606625557,,133,,4.08099985122681,,,,4.19579996705055,3.96619973540306
Burkina Faso,1.72721290588379,1.04328000545502,0.324367851018906,0.3502277135849,0.250864684581757,0.120328105986118,0.215844258666039,,134,,4.03200006484985,,,,4.12405906438828,3.93994106531143
Niger,1.87398338317871,0.993025004863739,0.36365869641304,0.161925330758095,0.228673845529556,0.138572946190834,0.26850500702858,,135,,4.02799987792969,,,,4.11194681972265,3.94405293613672
Malawi,2.08178615570068,0.512568831443787,0.466914653778076,0.233442038297653,0.287170469760895,0.0727116540074348,0.315089583396912,,136,,3.97000002861023,,,,4.07747881740332,3.86252123981714
Chad,2.07123804092407,0.953855872154236,0.16234202682972,0.438012987375259,0.216113850474358,0.0535818822681904,0.0411347150802612,,137,,3.93600010871887,,,,4.0347115239501,3.83728869348764
Zimbabwe,1.59797024726868,1.08309590816498,0.336384207010269,0.375846534967422,0.189143493771553,0.0953753814101219,0.196763753890991,,138,,3.875,,,,3.97869964271784,3.77130035728216
Lesotho,1.42983531951904,1.19009518623352,0.390661299228668,0.521021246910095,0.157497271895409,0.119094640016556,0.0,,139,,3.80800008773804,,,,4.04434397548437,3.5716561999917
Angola,1.61448240280151,1.10441195964813,0.0,0.858428180217743,0.097926490008831,0.0697203353047371,0.0498686656355858,,140,,3.79500007629395,,,,3.95164193540812,3.63835821717978
Afghanistan,2.15080118179321,0.581543326377869,0.106179520487785,0.401477217674255,0.311870932579041,0.0611578300595284,0.180746778845787,,141,,3.79399991035461,,,,3.87366141527891,3.71433840543032
Botswana,0.3779137134552,1.22155499458313,0.505196332931519,1.12209415435791,0.0993484482169151,0.0985831990838051,0.341755509376526,,142,,3.76600003242493,,,,3.87412266626954,3.65787739858031
Benin,1.88563096523285,0.435299843549728,0.425962775945663,0.431085407733917,0.207948461174965,0.0609290152788162,0.209930211305618,,143,,3.65700006484985,,,,3.74578355133533,3.56821657836437
Madagascar,1.58461260795593,0.913020372390747,0.189196765422821,0.305808693170547,0.208732530474663,0.0672319754958153,0.375223308801651,,144,,3.64400005340576,,,,3.71431910589337,3.57368100091815
Haiti,1.69716763496399,0.640449821949005,0.0303698573261499,0.368610262870789,0.489203780889511,0.0998721495270729,0.277321130037308,,145,,3.6029999256134,,,,3.73471479773521,3.47128505349159
Yemen,1.34560060501099,0.93538224697113,0.249463722109795,0.591683447360992,0.104125209152699,0.0567674227058887,0.310080915689468,,146,,3.59299993515015,,,,3.69275031983852,3.49324955046177
South Sudan,1.87956738471985,0.601323127746582,0.147062435746193,0.39724862575531,0.285670816898346,0.116793513298035,0.163486003875732,,147,,3.59100008010864,,,,3.72553858578205,3.45646157443523
Liberia,1.67328596115112,0.872117936611176,0.332881182432175,0.119041793048382,0.26654988527298,0.0389482490718365,0.229918196797371,,148,,3.53299999237061,,,,3.65375626087189,3.41224372386932
Guinea,1.55231189727783,0.791244685649872,0.348587512969971,0.244549930095673,0.264815092086792,0.110937617719173,0.194129139184952,,149,,3.50699996948242,,,,3.58442812889814,3.4295718100667
Togo,1.83722925186157,0.431882530450821,0.38042613863945,0.305444717407227,0.196896150708199,0.0956650152802467,0.247105568647385,,150,,3.49499988555908,,,,3.59403811171651,3.39596165940166
Rwanda,0.540061235427856,0.945707023143768,0.581843852996826,0.368745893239975,0.252756029367447,0.455220013856888,0.326424807310104,,151,,3.47099995613098,,,,3.54303023353219,3.39896967872977
Syria,1.06157350540161,0.396102607250214,0.0815394446253777,0.777153134346008,0.493663728237152,0.151347130537033,0.50053334236145,,152,,3.46199989318848,,,,3.66366855680943,3.26033122956753
Tanzania,0.621130466461182,1.04198980331421,0.390017777681351,0.511135876178741,0.354256361722946,0.0660351067781448,0.364509284496307,,153,,3.34899997711182,,,,3.46142975538969,3.23657019883394
Burundi,1.68302416801453,0.629793584346771,0.0599007532000542,0.091622568666935,0.204435184597969,0.0841479450464249,0.151610791683197,,154,,2.90499997138977,,,,3.07469033300877,2.73530960977077
Central African Republic,2.06600475311279,0.0,0.270842045545578,0.0,0.280876487493515,0.0565650761127472,0.0187726859003305,,155,,2.69300007820129,,,,2.86488426923752,2.52111588716507
Finland,,,0.681,1.305,0.202,0.393,0.874,,1,,7.632,1.592,,,,
Norway,,,0.686,1.456,0.286,0.34,0.861,,2,,7.594,1.582,,,,
Denmark,,,0.683,1.351,0.284,0.408,0.868,,3,,7.555,1.59,,,,
Iceland,,,0.677,1.343,0.353,0.138,0.914,,4,,7.495,1.644,,,,
Switzerland,,,0.66,1.42,0.256,0.357,0.927,,5,,7.487,1.549,,,,
Netherlands,,,0.638,1.361,0.333,0.295,0.878,,6,,7.441,1.488,,,,
Canada,,,0.653,1.33,0.321,0.291,0.896,,7,,7.328,1.532,,,,
New Zealand,,,0.669,1.268,0.365,0.389,0.876,,8,,7.324,1.601,,,,
Sweden,,,0.659,1.355,0.285,0.383,0.913,,9,,7.314,1.501,,,,
Australia,,,0.647,1.34,0.361,0.302,0.91,,10,,7.272,1.573,,,,
United Kingdom,,,0.464,1.244,0.262,0.082,0.888,,11,,7.19,1.433,,,,
Austria,,,0.617,1.341,0.242,0.224,0.891,,12,,7.139,1.504,,,,
Costa Rica,,,0.632,1.01,0.143,0.101,0.817,,13,,7.072,1.459,,,,
Ireland,,,0.614,1.448,0.307,0.306,0.876,,14,,6.977,1.583,,,,
Germany,,,0.586,1.34,0.273,0.28,0.861,,15,,6.965,1.474,,,,
Belgium,,,0.583,1.324,0.188,0.24,0.894,,16,,6.927,1.483,,,,
Luxembourg,,,0.632,1.576,0.196,0.321,0.896,,17,,6.91,1.52,,,,
United States,,,0.547,1.398,0.291,0.133,0.819,,18,,6.886,1.471,,,,
Israel,,,0.533,1.301,0.354,0.272,0.883,,19,,6.814,1.559,,,,
United Arab Emirates,,,0.284,2.096,0.186,,0.67,,20,,6.774,0.776,,,,
Czech Republic,,,0.543,1.233,0.064,0.034,0.854,,21,,6.711,1.489,,,,
Malta,,,0.645,1.27,0.376,0.142,0.884,,22,,6.627,1.525,,,,
France,,,0.52,1.293,0.098,0.176,0.908,,23,,6.489,1.466,,,,
Mexico,,,0.479,1.038,0.069,0.095,0.761,,24,,6.488,1.252,,,,
Chile,,,0.431,1.131,0.197,0.061,0.808,,25,,6.476,1.331,,,,
Taiwan,,,0.418,1.365,0.151,0.078,0.857,,26,,6.441,1.436,,,,
Panama,,,0.597,1.112,0.125,0.063,0.759,,27,,6.43,1.438,,,,
Brazil,,,0.493,0.986,0.11,0.088,0.675,,28,,6.419,1.474,,,,
Argentina,,,0.57,1.073,0.062,0.054,0.744,,29,,6.388,1.468,,,,
Guatemala,,,0.604,0.781,0.179,0.071,0.608,,30,,6.382,1.268,,,,
Uruguay,,,0.625,1.093,0.13,0.155,0.771,,31,,6.379,1.459,,,,
Qatar,,,0.654,1.649,0.256,0.171,0.748,,32,,6.374,1.303,,,,
Saudi Arabia,,,0.509,1.379,0.098,0.127,0.633,,33,,6.371,1.331,,,,
Singapore,,,0.631,1.529,0.261,0.457,1.008,,34,,6.343,1.451,,,,
Malaysia,,,0.356,1.161,0.311,0.059,0.669,,35,,6.322,1.258,,,,
Spain,,,0.449,1.251,0.142,0.074,0.965,,36,,6.31,1.538,,,,
Colombia,,,0.531,0.96,0.099,0.039,0.635,,37,,6.26,1.439,,,,
Trinidad & Tobago,,,0.575,1.223,0.171,0.019,0.564,,38,,6.192,1.492,,,,
Slovakia,,,0.354,1.21,0.118,0.014,0.776,,39,,6.173,1.537,,,,
El Salvador,,,0.461,0.806,0.065,0.082,0.639,,40,,6.167,1.231,,,,
Nicaragua,,,0.527,0.668,0.208,0.128,0.7,,41,,6.141,1.319,,,,
Poland,,,0.546,1.176,0.108,0.064,0.781,,42,,6.123,1.448,,,,
Bahrain,,,0.594,1.338,0.243,0.123,0.698,,43,,6.105,1.366,,,,
Uzbekistan,,,0.724,0.719,0.328,0.259,0.605,,44,,6.096,1.584,,,,
Kuwait,,,0.554,1.474,0.167,0.106,0.675,,45,,6.083,1.301,,,,
Thailand,,,0.637,1.016,0.364,0.029,0.707,,46,,6.072,1.417,,,,
Italy,,,0.281,1.264,0.137,0.028,0.946,,47,,6.0,1.501,,,,
Ecuador,,,0.556,0.889,0.114,0.12,0.736,,48,,5.973,1.33,,,,
Belize,,,0.593,0.807,0.183,0.089,0.474,,49,,5.956,1.101,,,,
Lithuania,,,0.35,1.197,0.026,0.006,0.716,,50,,5.952,1.527,,,,
Slovenia,,,0.633,1.219,0.16,0.051,0.856,,51,,5.948,1.506,,,,
Romania,,,0.528,1.116,0.088,0.001,0.726,,52,,5.945,1.219,,,,
Latvia,,,0.363,1.148,0.092,0.066,0.671,,53,,5.933,1.454,,,,
Japan,,,0.553,1.294,0.079,0.15,0.988,,54,,5.915,1.462,,,,
Mauritius,,,0.584,1.09,0.245,0.05,0.684,,55,,5.891,1.387,,,,
Jamaica,,,0.575,0.819,0.096,0.031,0.693,,56,,5.89,1.493,,,,
South Korea,,,0.244,1.266,0.175,0.051,0.955,,57,,5.875,1.204,,,,
Northern Cyprus,,,0.495,1.229,0.179,0.154,0.909,,58,,5.835,1.211,,,,
Russia,,,0.399,1.151,0.065,0.025,0.599,,59,,5.81,1.479,,,,
Kazakhstan,,,0.454,1.143,0.148,0.121,0.631,,60,,5.79,1.516,,,,
Cyprus,,,0.423,1.229,0.202,0.035,0.909,,61,,5.762,1.191,,,,
Bolivia,,,0.606,0.751,0.141,0.054,0.508,,62,,5.752,1.223,,,,
Estonia,,,0.553,1.2,0.086,0.174,0.737,,63,,5.739,1.532,,,,
Paraguay,,,0.541,0.835,0.162,0.074,0.615,,64,,5.681,1.522,,,,
Peru,,,0.53,0.934,0.092,0.034,0.674,,65,,5.663,1.249,,,,
Kosovo,,,0.448,0.855,0.274,0.023,0.578,,66,,5.662,1.23,,,,
Moldova,,,0.232,0.657,0.171,0.0,0.62,,67,,5.64,1.301,,,,
Turkmenistan,,,0.417,1.016,0.199,0.037,0.517,,68,,5.636,1.533,,,,
Hungary,,,0.259,1.171,0.061,0.022,0.732,,69,,5.62,1.401,,,,
Libya,,,0.496,0.985,0.116,0.148,0.553,,70,,5.566,1.35,,,,
Philippines,,,0.643,0.775,0.12,0.105,0.513,,71,,5.524,1.312,,,,
Honduras,,,0.459,0.62,0.197,0.074,0.622,,72,,5.504,1.205,,,,
Belarus,,,0.307,1.039,0.101,0.154,0.7,,73,,5.483,1.498,,,,
Turkey,,,0.324,1.148,0.106,0.109,0.686,,74,,5.483,1.38,,,,
Pakistan,,,0.334,0.652,0.216,0.113,0.424,,75,,5.472,0.81,,,,
Hong Kong,,,0.524,1.405,0.246,0.291,1.03,,76,,5.43,1.29,,,,
Portugal,,,0.562,1.188,0.055,0.017,0.884,,77,,5.41,1.429,,,,
Serbia,,,0.288,0.975,0.134,0.043,0.685,,78,,5.398,1.369,,,,
Greece,,,0.131,1.154,0.0,0.044,0.879,,79,,5.358,1.202,,,,
Lebanon,,,0.503,0.965,0.214,0.136,0.785,,80,,5.358,1.179,,,,
Montenegro,,,0.259,1.017,0.111,0.081,0.729,,81,,5.347,1.279,,,,
Croatia,,,0.38,1.115,0.12,0.039,0.737,,82,,5.321,1.161,,,,
Dominican Republic,,,0.578,0.982,0.12,0.106,0.614,,83,,5.302,1.441,,,,
Algeria,,,0.077,0.979,0.055,0.135,0.687,,84,,5.295,1.154,,,,
Morocco,,,0.46,0.779,0.026,0.074,0.669,,85,,5.254,0.797,,,,
China,,,0.597,0.989,0.029,0.103,0.799,,86,,5.246,1.142,,,,
Azerbaijan,,,0.43,1.024,0.031,0.176,0.603,,87,,5.201,1.161,,,,
Tajikistan,,,0.292,0.474,0.187,0.034,0.598,,88,,5.199,1.166,,,,
Macedonia,,,0.394,0.959,0.173,0.052,0.691,,89,,5.185,1.239,,,,
Jordan,,,0.468,0.822,0.13,0.134,0.645,,90,,5.161,1.265,,,,
Nigeria,,,0.462,0.689,0.201,0.032,0.048,,91,,5.155,1.172,,,,
Kyrgyzstan,,,0.54,0.53,0.281,0.035,0.594,,92,,5.131,1.416,,,,
Bosnia and Herzegovina,,,0.28,0.915,0.216,0.0,0.758,,93,,5.129,1.078,,,,
Mongolia,,,0.395,0.914,0.253,0.032,0.575,,94,,5.125,1.517,,,,
Vietnam,,,0.618,0.715,0.177,0.079,0.702,,95,,5.103,1.365,,,,
Indonesia,,,0.538,0.899,0.484,0.018,0.522,,96,,5.093,1.215,,,,
Bhutan,,,0.541,0.796,0.364,0.171,0.527,,97,,5.082,1.335,,,,
Somalia,,,0.674,0.0,0.238,0.282,0.115,,98,,4.982,0.712,,,,
Cameroon,,,0.454,0.535,0.183,0.043,0.182,,99,,4.975,0.891,,,,
Bulgaria,,,0.359,1.054,0.064,0.009,0.712,,100,,4.933,1.515,,,,
Nepal,,,0.526,0.425,0.302,0.078,0.539,,101,,4.88,1.228,,,,
Venezuela,,,0.133,0.996,0.056,0.052,0.657,,102,,4.806,1.469,,,,
Gabon,,,0.356,1.036,0.032,0.052,0.404,,103,,4.758,1.164,,,,
Palestinian Territories,,,0.266,0.642,0.086,0.076,0.602,,104,,4.743,1.217,,,,
South Africa,,,0.516,0.94,0.103,0.056,0.33,,105,,4.724,1.41,,,,
Iran,,,0.459,1.059,0.282,0.129,0.691,,106,,4.707,0.771,,,,
Ivory Coast,,,0.467,0.541,0.146,0.103,0.08,,107,,4.671,0.872,,,,
Ghana,,,0.499,0.592,0.212,0.029,0.337,,108,,4.657,0.896,,,,
Senegal,,,0.406,0.429,0.138,0.082,0.433,,109,,4.631,1.117,,,,
Laos,,,0.626,0.72,0.23,0.174,0.441,,110,,4.623,1.034,,,,
Tunisia,,,0.271,0.9,0.04,0.063,0.69,,111,,4.592,0.906,,,,
Albania,,,0.419,0.916,0.149,0.032,0.79,,112,,4.586,0.817,,,,
Sierra Leone,,,0.355,0.256,0.238,0.053,0.0,,113,,4.571,0.813,,,,
Congo (Brazzaville),,,0.514,0.682,0.091,0.077,0.343,,114,,4.559,0.811,,,,
Bangladesh,,,0.58,0.532,0.153,0.144,0.579,,115,,4.5,0.85,,,,
Sri Lanka,,,0.585,0.918,0.307,0.05,0.672,,116,,4.471,1.314,,,,
Iraq,,,0.304,1.01,0.148,0.095,0.536,,117,,4.456,0.971,,,,
Mali,,,0.367,0.37,0.139,0.056,0.152,,118,,4.447,1.233,,,,
Namibia,,,0.519,0.874,0.051,0.064,0.365,,119,,4.441,1.281,,,,
Cambodia,,,0.696,0.549,0.256,0.065,0.457,,120,,4.433,1.088,,,,
Burkina Faso,,,0.312,0.314,0.175,0.128,0.254,,121,,4.424,1.097,,,,
Egypt,,,0.312,0.885,0.092,0.107,0.553,,122,,4.419,1.025,,,,
Mozambique,,,0.531,0.198,0.206,0.158,0.173,,123,,4.417,0.902,,,,
Kenya,,,0.504,0.493,0.352,0.055,0.454,,124,,4.41,1.048,,,,
Zambia,,,0.503,0.562,0.221,0.082,0.295,,125,,4.377,1.047,,,,
Mauritania,,,0.129,0.557,0.134,0.093,0.292,,126,,4.356,1.245,,,,
Ethiopia,,,0.452,0.308,0.22,0.146,0.391,,127,,4.35,0.95,,,,
Georgia,,,0.375,0.853,0.038,0.215,0.643,,128,,4.34,0.592,,,,
Armenia,,,0.26,0.816,0.077,0.028,0.666,,129,,4.321,0.99,,,,
Myanmar,,,0.58,0.682,0.598,0.178,0.429,,130,,4.308,1.174,,,,
Chad,,,0.189,0.358,0.181,0.06,0.053,,131,,4.301,0.907,,,,
Congo (Kinshasa),,,0.312,0.069,0.197,0.052,0.204,,132,,4.245,1.136,,,,
India,,,0.539,0.721,0.172,0.093,0.485,,133,,4.19,0.747,,,,
Niger,,,0.39,0.131,0.175,0.099,0.221,,134,,4.166,0.867,,,,
Uganda,,,0.45,0.322,0.259,0.061,0.237,,135,,4.161,1.09,,,,
Benin,,,0.44,0.378,0.163,0.067,0.24,,136,,4.141,0.372,,,,
Sudan,,,0.016,0.605,0.134,0.082,0.312,,137,,4.139,1.24,,,,
Ukraine,,,0.163,0.793,0.187,0.011,0.609,,138,,4.103,1.413,,,,
Togo,,,0.434,0.259,0.158,0.101,0.253,,139,,3.999,0.474,,,,
Guinea,,,0.394,0.344,0.185,0.094,0.211,,140,,3.964,0.792,,,,
Lesotho,,,0.423,0.472,0.116,0.112,0.079,,141,,3.808,1.215,,,,
Angola,,,0.0,0.73,0.079,0.061,0.269,,142,,3.795,1.125,,,,
Madagascar,,,0.221,0.262,0.155,0.049,0.402,,143,,3.774,0.908,,,,
Zimbabwe,,,0.406,0.357,0.132,0.099,0.248,,144,,3.692,1.094,,,,
Afghanistan,,,0.085,0.332,0.191,0.036,0.255,,145,,3.632,0.537,,,,
Botswana,,,0.557,1.017,0.042,0.092,0.417,,146,,3.59,1.174,,,,
Malawi,,,0.531,0.186,0.21,0.08,0.306,,147,,3.587,0.541,,,,
Haiti,,,0.025,0.315,0.392,0.104,0.289,,148,,3.582,0.714,,,,
Liberia,,,0.419,0.076,0.206,0.03,0.267,,149,,3.495,0.858,,,,
Syria,,,0.088,0.689,0.376,0.144,0.539,,150,,3.462,0.382,,,,
Rwanda,,,0.636,0.332,0.2,0.444,0.4,,151,,3.408,0.896,,,,
Yemen,,,0.244,0.442,0.083,0.064,0.343,,152,,3.355,1.073,,,,
Tanzania,,,0.481,0.455,0.27,0.097,0.381,,153,,3.303,0.991,,,,
South Sudan,,,0.112,0.337,0.224,0.106,0.177,,154,,3.254,0.608,,,,
Central African Republic,,,0.305,0.024,0.218,0.038,0.01,,155,,3.083,0.0,,,,
Burundi,,,0.065,0.091,0.149,0.076,0.145,,156,,2.905,0.627,,,,
Finland,,,0.596,1.34,0.153,0.393,0.986,,1,,7.769,1.587,,,,
Denmark,,,0.592,1.383,0.252,0.41,0.996,,2,,7.6,1.573,,,,
Norway,,,0.603,1.488,0.271,0.341,1.028,,3,,7.554,1.582,,,,
Iceland,,,0.591,1.38,0.354,0.118,1.026,,4,,7.494,1.624,,,,
Netherlands,,,0.557,1.396,0.322,0.298,0.999,,5,,7.488,1.522,,,,
Switzerland,,,0.572,1.452,0.263,0.343,1.052,,6,,7.48,1.526,,,,
Sweden,,,0.574,1.387,0.267,0.373,1.009,,7,,7.343,1.487,,,,
New Zealand,,,0.585,1.303,0.33,0.38,1.026,,8,,7.307,1.557,,,,
Canada,,,0.584,1.365,0.285,0.308,1.039,,9,,7.278,1.505,,,,
Austria,,,0.532,1.376,0.244,0.226,1.016,,10,,7.246,1.475,,,,
Australia,,,0.557,1.372,0.332,0.29,1.036,,11,,7.228,1.548,,,,
Costa Rica,,,0.558,1.034,0.144,0.093,0.963,,12,,7.167,1.441,,,,
Israel,,,0.371,1.276,0.261,0.082,1.029,,13,,7.139,1.455,,,,
Luxembourg,,,0.526,1.609,0.194,0.316,1.012,,14,,7.09,1.479,,,,
United Kingdom,,,0.45,1.333,0.348,0.278,0.996,,15,,7.054,1.538,,,,
Ireland,,,0.516,1.499,0.298,0.31,0.999,,16,,7.021,1.553,,,,
Germany,,,0.495,1.373,0.261,0.265,0.987,,17,,6.985,1.454,,,,
Belgium,,,0.473,1.356,0.16,0.21,0.986,,18,,6.923,1.504,,,,
United States,,,0.454,1.433,0.28,0.128,0.874,,19,,6.892,1.457,,,,
Czech Republic,,,0.457,1.269,0.046,0.036,0.92,,20,,6.852,1.487,,,,
United Arab Emirates,,,0.598,1.503,0.262,0.182,0.825,,21,,6.825,1.31,,,,
Malta,,,0.564,1.3,0.375,0.151,0.999,,22,,6.726,1.52,,,,
Mexico,,,0.433,1.07,0.074,0.073,0.861,,23,,6.595,1.323,,,,
France,,,0.436,1.324,0.111,0.183,1.045,,24,,6.592,1.472,,,,
Taiwan,,,0.351,1.368,0.242,0.097,0.914,,25,,6.446,1.43,,,,
Chile,,,0.357,1.159,0.187,0.056,0.92,,26,,6.444,1.369,,,,
Guatemala,,,0.535,0.8,0.175,0.078,0.746,,27,,6.436,1.269,,,,
Saudi Arabia,,,0.439,1.403,0.08,0.132,0.795,,28,,6.375,1.357,,,,
Qatar,,,0.555,1.684,0.22,0.167,0.871,,29,,6.374,1.313,,,,
Spain,,,0.362,1.286,0.153,0.079,1.062,,30,,6.354,1.484,,,,
Panama,,,0.516,1.149,0.109,0.054,0.91,,31,,6.321,1.442,,,,
Brazil,,,0.39,1.004,0.099,0.086,0.802,,32,,6.3,1.439,,,,
Uruguay,,,0.523,1.124,0.127,0.15,0.891,,33,,6.293,1.465,,,,
Singapore,,,0.556,1.572,0.271,0.453,1.141,,34,,6.262,1.463,,,,
El Salvador,,,0.43,0.794,0.093,0.074,0.789,,35,,6.253,1.242,,,,
Italy,,,0.231,1.294,0.158,0.03,1.039,,36,,6.223,1.488,,,,
Bahrain,,,0.536,1.362,0.255,0.11,0.871,,37,,6.199,1.368,,,,
Slovakia,,,0.334,1.246,0.121,0.014,0.881,,38,,6.198,1.504,,,,
Trinidad & Tobago,,,0.489,1.231,0.185,0.016,0.713,,39,,6.192,1.477,,,,
Poland,,,0.483,1.206,0.117,0.05,0.884,,40,,6.182,1.438,,,,
Uzbekistan,,,0.631,0.745,0.322,0.24,0.756,,41,,6.174,1.529,,,,
Lithuania,,,0.291,1.238,0.043,0.042,0.818,,42,,6.149,1.515,,,,
Colombia,,,0.47,0.985,0.099,0.034,0.841,,43,,6.125,1.41,,,,
Slovenia,,,0.564,1.258,0.144,0.057,0.953,,44,,6.118,1.523,,,,
Nicaragua,,,0.435,0.694,0.2,0.127,0.835,,45,,6.105,1.325,,,,
Kosovo,,,0.489,0.882,0.262,0.006,0.758,,46,,6.1,1.232,,,,
Argentina,,,0.471,1.092,0.066,0.05,0.881,,47,,6.086,1.432,,,,
Romania,,,0.462,1.162,0.083,0.005,0.825,,48,,6.07,1.232,,,,
Cyprus,,,0.406,1.263,0.19,0.041,1.042,,49,,6.046,1.223,,,,
Ecuador,,,0.498,0.912,0.126,0.087,0.868,,50,,6.028,1.312,,,,
Kuwait,,,0.493,1.5,0.142,0.097,0.808,,51,,6.021,1.319,,,,
Thailand,,,0.557,1.05,0.359,0.028,0.828,,52,,6.008,1.409,,,,
Latvia,,,0.264,1.187,0.075,0.064,0.812,,53,,5.94,1.465,,,,
South Korea,,,0.159,1.301,0.175,0.056,1.036,,54,,5.895,1.219,,,,
Estonia,,,0.495,1.237,0.103,0.161,0.874,,55,,5.893,1.528,,,,
Jamaica,,,0.49,0.831,0.107,0.028,0.831,,56,,5.89,1.478,,,,
Mauritius,,,0.498,1.12,0.215,0.06,0.798,,57,,5.888,1.402,,,,
Japan,,,0.445,1.327,0.069,0.14,1.088,,58,,5.886,1.419,,,,
Honduras,,,0.507,0.642,0.246,0.078,0.828,,59,,5.86,1.236,,,,
Kazakhstan,,,0.41,1.173,0.146,0.096,0.729,,60,,5.809,1.508,,,,
Bolivia,,,0.511,0.776,0.137,0.064,0.706,,61,,5.779,1.209,,,,
Hungary,,,0.199,1.201,0.081,0.02,0.828,,62,,5.758,1.41,,,,
Paraguay,,,0.514,0.855,0.184,0.08,0.777,,63,,5.743,1.475,,,,
Northern Cyprus,,,0.417,1.263,0.191,0.162,1.042,,64,,5.718,1.252,,,,
Peru,,,0.455,0.96,0.083,0.027,0.854,,65,,5.697,1.274,,,,
Portugal,,,0.508,1.221,0.047,0.025,0.999,,66,,5.693,1.431,,,,
Pakistan,,,0.313,0.677,0.22,0.098,0.535,,67,,5.653,0.886,,,,
Russia,,,0.334,1.183,0.082,0.031,0.726,,68,,5.648,1.452,,,,
Philippines,,,0.558,0.807,0.117,0.107,0.657,,69,,5.631,1.293,,,,
Serbia,,,0.282,1.004,0.137,0.039,0.854,,70,,5.603,1.383,,,,
Moldova,,,0.245,0.685,0.181,0.0,0.739,,71,,5.529,1.328,,,,
Libya,,,0.416,1.044,0.133,0.152,0.673,,72,,5.525,1.303,,,,
Montenegro,,,0.197,1.051,0.142,0.08,0.871,,73,,5.523,1.361,,,,
Tajikistan,,,0.389,0.493,0.23,0.144,0.718,,74,,5.467,1.098,,,,
Croatia,,,0.296,1.155,0.119,0.022,0.914,,75,,5.432,1.266,,,,
Hong Kong,,,0.44,1.438,0.258,0.287,1.122,,76,,5.43,1.277,,,,
Dominican Republic,,,0.497,1.015,0.113,0.101,0.779,,77,,5.425,1.401,,,,
Bosnia and Herzegovina,,,0.212,0.945,0.263,0.006,0.845,,78,,5.386,1.212,,,,
Turkey,,,0.195,1.183,0.083,0.106,0.808,,79,,5.373,1.36,,,,
Malaysia,,,0.508,1.221,0.26,0.024,0.828,,80,,5.339,1.171,,,,
Belarus,,,0.235,1.067,0.094,0.142,0.789,,81,,5.323,1.465,,,,
Greece,,,0.067,1.181,0.0,0.034,0.999,,82,,5.287,1.156,,,,
Mongolia,,,0.317,0.948,0.235,0.038,0.667,,83,,5.285,1.531,,,,
North Macedonia,,,0.345,0.983,0.185,0.034,0.838,,84,,5.274,1.294,,,,
Nigeria,,,0.426,0.696,0.215,0.041,0.245,,85,,5.265,1.111,,,,
Kyrgyzstan,,,0.508,0.551,0.3,0.023,0.723,,86,,5.261,1.438,,,,
Turkmenistan,,,0.394,1.052,0.244,0.028,0.657,,87,,5.247,1.538,,,,
Algeria,,,0.086,1.002,0.073,0.114,0.785,,88,,5.211,1.16,,,,
Morocco,,,0.418,0.801,0.036,0.076,0.782,,89,,5.208,0.782,,,,
Azerbaijan,,,0.351,1.043,0.035,0.182,0.769,,90,,5.208,1.147,,,,
Lebanon,,,0.216,0.987,0.166,0.027,0.815,,91,,5.197,1.224,,,,
Indonesia,,,0.491,0.931,0.498,0.028,0.66,,92,,5.192,1.203,,,,
China,,,0.521,1.029,0.058,0.1,0.893,,93,,5.191,1.125,,,,
Vietnam,,,0.543,0.741,0.147,0.073,0.851,,94,,5.175,1.346,,,,
Bhutan,,,0.457,0.813,0.37,0.167,0.604,,95,,5.082,1.321,,,,
Cameroon,,,0.381,0.549,0.187,0.037,0.331,,96,,5.044,0.91,,,,
Bulgaria,,,0.311,1.092,0.081,0.004,0.815,,97,,5.011,1.513,,,,
Ghana,,,0.381,0.611,0.245,0.04,0.486,,98,,4.996,0.868,,,,
Ivory Coast,,,0.352,0.569,0.154,0.09,0.232,,99,,4.944,0.808,,,,
Nepal,,,0.439,0.446,0.285,0.089,0.677,,100,,4.913,1.226,,,,
Jordan,,,0.383,0.837,0.11,0.13,0.815,,101,,4.906,1.225,,,,
Benin,,,0.349,0.393,0.175,0.082,0.397,,102,,4.883,0.437,,,,
Congo (Brazzaville),,,0.372,0.673,0.105,0.093,0.508,,103,,4.812,0.799,,,,
Gabon,,,0.295,1.057,0.043,0.055,0.571,,104,,4.799,1.183,,,,
Laos,,,0.547,0.764,0.266,0.164,0.551,,105,,4.796,1.03,,,,
South Africa,,,0.389,0.96,0.13,0.055,0.469,,106,,4.722,1.351,,,,
Albania,,,0.383,0.947,0.178,0.027,0.874,,107,,4.719,0.848,,,,
Venezuela,,,0.154,0.96,0.064,0.047,0.805,,108,,4.707,1.427,,,,
Cambodia,,,0.609,0.574,0.232,0.062,0.637,,109,,4.7,1.122,,,,
Palestinian Territories,,,0.225,0.657,0.103,0.066,0.672,,110,,4.696,1.247,,,,
Senegal,,,0.292,0.45,0.153,0.072,0.571,,111,,4.681,1.134,,,,
Somalia,,,0.559,0.0,0.243,0.27,0.268,,112,,4.668,0.698,,,,
Namibia,,,0.401,0.879,0.07,0.056,0.477,,113,,4.639,1.313,,,,
Niger,,,0.318,0.138,0.188,0.102,0.366,,114,,4.628,0.774,,,,
Burkina Faso,,,0.255,0.331,0.177,0.113,0.38,,115,,4.587,1.056,,,,
Armenia,,,0.283,0.85,0.095,0.064,0.815,,116,,4.559,1.055,,,,
Iran,,,0.305,1.1,0.27,0.125,0.785,,117,,4.548,0.842,,,,
Guinea,,,0.332,0.38,0.207,0.086,0.375,,118,,4.534,0.829,,,,
Georgia,,,0.346,0.886,0.043,0.164,0.752,,119,,4.519,0.666,,,,
Gambia,,,0.382,0.308,0.269,0.167,0.428,,120,,4.516,0.939,,,,
Kenya,,,0.431,0.512,0.372,0.053,0.581,,121,,4.509,0.983,,,,
Mauritania,,,0.066,0.57,0.106,0.088,0.489,,122,,4.49,1.167,,,,
Mozambique,,,0.494,0.204,0.197,0.138,0.39,,123,,4.466,0.986,,,,
Tunisia,,,0.167,0.921,0.059,0.055,0.815,,124,,4.461,1.0,,,,
Bangladesh,,,0.527,0.562,0.166,0.143,0.723,,125,,4.456,0.928,,,,
Iraq,,,0.241,1.043,0.148,0.089,0.574,,126,,4.437,0.98,,,,
Congo (Kinshasa),,,0.269,0.094,0.212,0.053,0.357,,127,,4.418,1.125,,,,
Mali,,,0.327,0.385,0.153,0.052,0.308,,128,,4.39,1.105,,,,
Sierra Leone,,,0.309,0.268,0.252,0.045,0.242,,129,,4.374,0.841,,,,
Sri Lanka,,,0.47,0.949,0.244,0.047,0.831,,130,,4.366,1.265,,,,
Myanmar,,,0.525,0.71,0.566,0.172,0.555,,131,,4.36,1.181,,,,
Chad,,,0.174,0.35,0.198,0.078,0.192,,132,,4.35,0.766,,,,
Ukraine,,,0.178,0.82,0.187,0.01,0.739,,133,,4.332,1.39,,,,
Ethiopia,,,0.344,0.336,0.209,0.1,0.532,,134,,4.286,1.033,,,,
Swaziland,,,0.313,0.811,0.074,0.135,0.0,,135,,4.212,1.149,,,,
Uganda,,,0.356,0.332,0.252,0.06,0.443,,136,,4.189,1.069,,,,
Egypt,,,0.241,0.913,0.076,0.067,0.644,,137,,4.166,1.039,,,,
Zambia,,,0.431,0.578,0.247,0.087,0.426,,138,,4.107,1.058,,,,
Togo,,,0.293,0.275,0.177,0.085,0.41,,139,,4.085,0.572,,,,
India,,,0.498,0.755,0.2,0.085,0.588,,140,,4.015,0.765,,,,
Liberia,,,0.37,0.073,0.233,0.033,0.443,,141,,3.975,0.922,,,,
Comoros,,,0.142,0.274,0.275,0.078,0.505,,142,,3.973,0.757,,,,
Madagascar,,,0.148,0.274,0.169,0.041,0.555,,143,,3.933,0.916,,,,
Lesotho,,,0.359,0.489,0.107,0.093,0.168,,144,,3.802,1.169,,,,
Burundi,,,0.22,0.046,0.176,0.18,0.38,,145,,3.775,0.447,,,,
Zimbabwe,,,0.361,0.366,0.151,0.089,0.433,,146,,3.663,1.114,,,,
Haiti,,,0.026,0.323,0.419,0.11,0.449,,147,,3.597,0.688,,,,
Botswana,,,0.455,1.041,0.025,0.1,0.538,,148,,3.488,1.145,,,,
Syria,,,0.013,0.619,0.331,0.141,0.44,,149,,3.462,0.378,,,,
Malawi,,,0.443,0.191,0.218,0.089,0.495,,150,,3.41,0.56,,,,
Yemen,,,0.143,0.287,0.108,0.077,0.463,,151,,3.38,1.163,,,,
Rwanda,,,0.555,0.359,0.217,0.411,0.614,,152,,3.334,0.711,,,,
Tanzania,,,0.417,0.476,0.276,0.147,0.499,,153,,3.231,0.885,,,,
Afghanistan,,,0.0,0.35,0.158,0.025,0.361,,154,,3.203,0.517,,,,
Central African Republic,,,0.225,0.026,0.235,0.035,0.105,,155,,3.083,0.0,,,,
South Sudan,,,0.01,0.306,0.202,0.091,0.295,,156,,2.853,0.575,,,,
